Protein.Group,Genes,protein_label,sample_label,PG.MaxLFQ,missing_status,n_missing,percent_missing
A6NGB9,WIPF3,WIPF3 | A6NGB9,GFP1,NA,Missing,5,83.33333333333333
A6NGB9,WIPF3,WIPF3 | A6NGB9,GFP2,NA,Missing,5,83.33333333333333
A6NGB9,WIPF3,WIPF3 | A6NGB9,GFP3,NA,Missing,5,83.33333333333333
A6NGB9,WIPF3,WIPF3 | A6NGB9,RDH1,NA,Missing,5,83.33333333333333
A6NGB9,WIPF3,WIPF3 | A6NGB9,RDH2,9591.060546875,Detected,5,83.33333333333333
A6NGB9,WIPF3,WIPF3 | A6NGB9,RDH3,NA,Missing,5,83.33333333333333
A6NHQ4,EPOP,EPOP | A6NHQ4,GFP1,327085.4375,Detected,3,50
A6NHQ4,EPOP,EPOP | A6NHQ4,GFP2,NA,Missing,3,50
A6NHQ4,EPOP,EPOP | A6NHQ4,GFP3,122337.3125,Detected,3,50
A6NHQ4,EPOP,EPOP | A6NHQ4,RDH1,149079.9375,Detected,3,50
A6NHQ4,EPOP,EPOP | A6NHQ4,RDH2,NA,Missing,3,50
A6NHQ4,EPOP,EPOP | A6NHQ4,RDH3,NA,Missing,3,50
O14613,CDC42EP2,CDC42EP2 | O14613,GFP1,NA,Missing,6,100
O14613,CDC42EP2,CDC42EP2 | O14613,GFP2,0,Missing,6,100
O14613,CDC42EP2,CDC42EP2 | O14613,GFP3,0,Missing,6,100
O14613,CDC42EP2,CDC42EP2 | O14613,RDH1,NA,Missing,6,100
O14613,CDC42EP2,CDC42EP2 | O14613,RDH2,0,Missing,6,100
O14613,CDC42EP2,CDC42EP2 | O14613,RDH3,0,Missing,6,100
O14713,ITGB1BP1,ITGB1BP1 | O14713,GFP1,10217.9228515625,Detected,3,50
O14713,ITGB1BP1,ITGB1BP1 | O14713,GFP2,3986.05712890625,Detected,3,50
O14713,ITGB1BP1,ITGB1BP1 | O14713,GFP3,NA,Missing,3,50
O14713,ITGB1BP1,ITGB1BP1 | O14713,RDH1,10784.796875,Detected,3,50
O14713,ITGB1BP1,ITGB1BP1 | O14713,RDH2,NA,Missing,3,50
O14713,ITGB1BP1,ITGB1BP1 | O14713,RDH3,NA,Missing,3,50
O14717,TRDMT1,TRDMT1 | O14717,GFP1,NA,Missing,3,50
O14717,TRDMT1,TRDMT1 | O14717,GFP2,4042.019287109375,Detected,3,50
O14717,TRDMT1,TRDMT1 | O14717,GFP3,3214.6142578125,Detected,3,50
O14717,TRDMT1,TRDMT1 | O14717,RDH1,7327.60791015625,Detected,3,50
O14717,TRDMT1,TRDMT1 | O14717,RDH2,NA,Missing,3,50
O14717,TRDMT1,TRDMT1 | O14717,RDH3,NA,Missing,3,50
O43374,RASA4,RASA4 | O43374,GFP1,12546.2080078125,Detected,3,50
O43374,RASA4,RASA4 | O43374,GFP2,NA,Missing,3,50
O43374,RASA4,RASA4 | O43374,GFP3,6140.3984375,Detected,3,50
O43374,RASA4,RASA4 | O43374,RDH1,NA,Missing,3,50
O43374,RASA4,RASA4 | O43374,RDH2,NA,Missing,3,50
O43374,RASA4,RASA4 | O43374,RDH3,5762.1904296875,Detected,3,50
O43529,CHST10,CHST10 | O43529,GFP1,4688.24365234375,Detected,2,33.333333333333336
O43529,CHST10,CHST10 | O43529,GFP2,2837.747802734375,Detected,2,33.333333333333336
O43529,CHST10,CHST10 | O43529,GFP3,NA,Missing,2,33.333333333333336
O43529,CHST10,CHST10 | O43529,RDH1,5020.7041015625,Detected,2,33.333333333333336
O43529,CHST10,CHST10 | O43529,RDH2,NA,Missing,2,33.333333333333336
O43529,CHST10,CHST10 | O43529,RDH3,2610.039794921875,Detected,2,33.333333333333336
O43543,XRCC2,XRCC2 | O43543,GFP1,0,Missing,4,66.66666666666667
O43543,XRCC2,XRCC2 | O43543,GFP2,14366.78515625,Detected,4,66.66666666666667
O43543,XRCC2,XRCC2 | O43543,GFP3,19262.68359375,Detected,4,66.66666666666667
O43543,XRCC2,XRCC2 | O43543,RDH1,NA,Missing,4,66.66666666666667
O43543,XRCC2,XRCC2 | O43543,RDH2,NA,Missing,4,66.66666666666667
O43543,XRCC2,XRCC2 | O43543,RDH3,0,Missing,4,66.66666666666667
O43739,CYTH3,CYTH3 | O43739,GFP1,0,Missing,4,66.66666666666667
O43739,CYTH3,CYTH3 | O43739,GFP2,16918.673828125,Detected,4,66.66666666666667
O43739,CYTH3,CYTH3 | O43739,GFP3,25690.830078125,Detected,4,66.66666666666667
O43739,CYTH3,CYTH3 | O43739,RDH1,0,Missing,4,66.66666666666667
O43739,CYTH3,CYTH3 | O43739,RDH2,0,Missing,4,66.66666666666667
O43739,CYTH3,CYTH3 | O43739,RDH3,0,Missing,4,66.66666666666667
O43805,SSNA1,SSNA1 | O43805,GFP1,NA,Missing,3,50
O43805,SSNA1,SSNA1 | O43805,GFP2,NA,Missing,3,50
O43805,SSNA1,SSNA1 | O43805,GFP3,15431.1396484375,Detected,3,50
O43805,SSNA1,SSNA1 | O43805,RDH1,NA,Missing,3,50
O43805,SSNA1,SSNA1 | O43805,RDH2,21100.6484375,Detected,3,50
O43805,SSNA1,SSNA1 | O43805,RDH3,36116.73828125,Detected,3,50
O43854,EDIL3,EDIL3 | O43854,GFP1,3567.749267578125,Detected,4,66.66666666666667
O43854,EDIL3,EDIL3 | O43854,GFP2,NA,Missing,4,66.66666666666667
O43854,EDIL3,EDIL3 | O43854,GFP3,NA,Missing,4,66.66666666666667
O43854,EDIL3,EDIL3 | O43854,RDH1,10000.7216796875,Detected,4,66.66666666666667
O43854,EDIL3,EDIL3 | O43854,RDH2,NA,Missing,4,66.66666666666667
O43854,EDIL3,EDIL3 | O43854,RDH3,NA,Missing,4,66.66666666666667
O60238,BNIP3L,BNIP3L | O60238,GFP1,56522.2734375,Detected,2,33.333333333333336
O60238,BNIP3L,BNIP3L | O60238,GFP2,17221.328125,Detected,2,33.333333333333336
O60238,BNIP3L,BNIP3L | O60238,GFP3,22264.236328125,Detected,2,33.333333333333336
O60238,BNIP3L,BNIP3L | O60238,RDH1,16523.390625,Detected,2,33.333333333333336
O60238,BNIP3L,BNIP3L | O60238,RDH2,NA,Missing,2,33.333333333333336
O60238,BNIP3L,BNIP3L | O60238,RDH3,NA,Missing,2,33.333333333333336
O60268,KIAA0513,KIAA0513 | O60268,GFP1,0,Missing,3,50
O60268,KIAA0513,KIAA0513 | O60268,GFP2,12314.44140625,Detected,3,50
O60268,KIAA0513,KIAA0513 | O60268,GFP3,10263.8994140625,Detected,3,50
O60268,KIAA0513,KIAA0513 | O60268,RDH1,NA,Missing,3,50
O60268,KIAA0513,KIAA0513 | O60268,RDH2,NA,Missing,3,50
O60268,KIAA0513,KIAA0513 | O60268,RDH3,9752.6748046875,Detected,3,50
O60462,NRP2,NRP2 | O60462,GFP1,8701.59765625,Detected,4,66.66666666666667
O60462,NRP2,NRP2 | O60462,GFP2,NA,Missing,4,66.66666666666667
O60462,NRP2,NRP2 | O60462,GFP3,NA,Missing,4,66.66666666666667
O60462,NRP2,NRP2 | O60462,RDH1,10032.7333984375,Detected,4,66.66666666666667
O60462,NRP2,NRP2 | O60462,RDH2,NA,Missing,4,66.66666666666667
O60462,NRP2,NRP2 | O60462,RDH3,NA,Missing,4,66.66666666666667
O75096,LRP4,LRP4 | O75096,GFP1,8307.9365234375,Detected,4,66.66666666666667
O75096,LRP4,LRP4 | O75096,GFP2,NA,Missing,4,66.66666666666667
O75096,LRP4,LRP4 | O75096,GFP3,NA,Missing,4,66.66666666666667
O75096,LRP4,LRP4 | O75096,RDH1,8067.349609375,Detected,4,66.66666666666667
O75096,LRP4,LRP4 | O75096,RDH2,NA,Missing,4,66.66666666666667
O75096,LRP4,LRP4 | O75096,RDH3,NA,Missing,4,66.66666666666667
O75144,ICOSLG,ICOSLG | O75144,GFP1,35413.6328125,Detected,3,50
O75144,ICOSLG,ICOSLG | O75144,GFP2,6347.15771484375,Detected,3,50
O75144,ICOSLG,ICOSLG | O75144,GFP3,NA,Missing,3,50
O75144,ICOSLG,ICOSLG | O75144,RDH1,21332.705078125,Detected,3,50
O75144,ICOSLG,ICOSLG | O75144,RDH2,NA,Missing,3,50
O75144,ICOSLG,ICOSLG | O75144,RDH3,NA,Missing,3,50
O75197,LRP5,LRP5 | O75197,GFP1,8359.4521484375,Detected,3,50
O75197,LRP5,LRP5 | O75197,GFP2,NA,Missing,3,50
O75197,LRP5,LRP5 | O75197,GFP3,NA,Missing,3,50
O75197,LRP5,LRP5 | O75197,RDH1,17753.275390625,Detected,3,50
O75197,LRP5,LRP5 | O75197,RDH2,NA,Missing,3,50
O75197,LRP5,LRP5 | O75197,RDH3,6684.56298828125,Detected,3,50
O75354,ENTPD6,ENTPD6 | O75354,GFP1,8104.9765625,Detected,3,50
O75354,ENTPD6,ENTPD6 | O75354,GFP2,NA,Missing,3,50
O75354,ENTPD6,ENTPD6 | O75354,GFP3,NA,Missing,3,50
O75354,ENTPD6,ENTPD6 | O75354,RDH1,11333.8935546875,Detected,3,50
O75354,ENTPD6,ENTPD6 | O75354,RDH2,4618.5341796875,Detected,3,50
O75354,ENTPD6,ENTPD6 | O75354,RDH3,NA,Missing,3,50
O94805,ACTL6B,ACTL6B | O94805,GFP1,31440.953125,Detected,4,66.66666666666667
O94805,ACTL6B,ACTL6B | O94805,GFP2,NA,Missing,4,66.66666666666667
O94805,ACTL6B,ACTL6B | O94805,GFP3,NA,Missing,4,66.66666666666667
O94805,ACTL6B,ACTL6B | O94805,RDH1,25398.26953125,Detected,4,66.66666666666667
O94805,ACTL6B,ACTL6B | O94805,RDH2,NA,Missing,4,66.66666666666667
O94805,ACTL6B,ACTL6B | O94805,RDH3,NA,Missing,4,66.66666666666667
O94876,TMCC1,TMCC1 | O94876,GFP1,19694.109375,Detected,4,66.66666666666667
O94876,TMCC1,TMCC1 | O94876,GFP2,0,Missing,4,66.66666666666667
O94876,TMCC1,TMCC1 | O94876,GFP3,0,Missing,4,66.66666666666667
O94876,TMCC1,TMCC1 | O94876,RDH1,15562.009765625,Detected,4,66.66666666666667
O94876,TMCC1,TMCC1 | O94876,RDH2,0,Missing,4,66.66666666666667
O94876,TMCC1,TMCC1 | O94876,RDH3,NA,Missing,4,66.66666666666667
O94986,CEP152,CEP152 | O94986,GFP1,7451.28173828125,Detected,3,50
O94986,CEP152,CEP152 | O94986,GFP2,NA,Missing,3,50
O94986,CEP152,CEP152 | O94986,GFP3,4429.93896484375,Detected,3,50
O94986,CEP152,CEP152 | O94986,RDH1,10193.849609375,Detected,3,50
O94986,CEP152,CEP152 | O94986,RDH2,NA,Missing,3,50
O94986,CEP152,CEP152 | O94986,RDH3,NA,Missing,3,50
O94988,FAM13A,FAM13A | O94988,GFP1,1382.767578125,Detected,2,33.333333333333336
O94988,FAM13A,FAM13A | O94988,GFP2,2022.3546142578125,Detected,2,33.333333333333336
O94988,FAM13A,FAM13A | O94988,GFP3,1793.77099609375,Detected,2,33.333333333333336
O94988,FAM13A,FAM13A | O94988,RDH1,NA,Missing,2,33.333333333333336
O94988,FAM13A,FAM13A | O94988,RDH2,NA,Missing,2,33.333333333333336
O94988,FAM13A,FAM13A | O94988,RDH3,1074.6529541015625,Detected,2,33.333333333333336
O95158,NXPH4,NXPH4 | O95158,GFP1,4303.2998046875,Detected,3,50
O95158,NXPH4,NXPH4 | O95158,GFP2,NA,Missing,3,50
O95158,NXPH4,NXPH4 | O95158,GFP3,4332.220703125,Detected,3,50
O95158,NXPH4,NXPH4 | O95158,RDH1,7051.6474609375,Detected,3,50
O95158,NXPH4,NXPH4 | O95158,RDH2,NA,Missing,3,50
O95158,NXPH4,NXPH4 | O95158,RDH3,NA,Missing,3,50
O95718,ESRRB,ESRRB | O95718,GFP1,73968.9140625,Detected,3,50
O95718,ESRRB,ESRRB | O95718,GFP2,NA,Missing,3,50
O95718,ESRRB,ESRRB | O95718,GFP3,NA,Missing,3,50
O95718,ESRRB,ESRRB | O95718,RDH1,84555.46875,Detected,3,50
O95718,ESRRB,ESRRB | O95718,RDH2,27893.55859375,Detected,3,50
O95718,ESRRB,ESRRB | O95718,RDH3,NA,Missing,3,50
O95832,CLDN1,CLDN1 | O95832,GFP1,12391.75,Detected,3,50
O95832,CLDN1,CLDN1 | O95832,GFP2,NA,Missing,3,50
O95832,CLDN1,CLDN1 | O95832,GFP3,3784.2431640625,Detected,3,50
O95832,CLDN1,CLDN1 | O95832,RDH1,3787.979248046875,Detected,3,50
O95832,CLDN1,CLDN1 | O95832,RDH2,NA,Missing,3,50
O95832,CLDN1,CLDN1 | O95832,RDH3,NA,Missing,3,50
O95997,PTTG1,PTTG1 | O95997,GFP1,NA,Missing,4,66.66666666666667
O95997,PTTG1,PTTG1 | O95997,GFP2,21529.6953125,Detected,4,66.66666666666667
O95997,PTTG1,PTTG1 | O95997,GFP3,23359.46484375,Detected,4,66.66666666666667
O95997,PTTG1,PTTG1 | O95997,RDH1,NA,Missing,4,66.66666666666667
O95997,PTTG1,PTTG1 | O95997,RDH2,NA,Missing,4,66.66666666666667
O95997,PTTG1,PTTG1 | O95997,RDH3,NA,Missing,4,66.66666666666667
P00450,CP,CP | P00450,GFP1,NA,Missing,3,50
P00450,CP,CP | P00450,GFP2,NA,Missing,3,50
P00450,CP,CP | P00450,GFP3,NA,Missing,3,50
P00450,CP,CP | P00450,RDH1,7340.88427734375,Detected,3,50
P00450,CP,CP | P00450,RDH2,3138.008056640625,Detected,3,50
P00450,CP,CP | P00450,RDH3,7206.42822265625,Detected,3,50
P01911,HLA-DRB1,HLA-DRB1 | P01911,GFP1,7007.37109375,Detected,4,66.66666666666667
P01911,HLA-DRB1,HLA-DRB1 | P01911,GFP2,NA,Missing,4,66.66666666666667
P01911,HLA-DRB1,HLA-DRB1 | P01911,GFP3,NA,Missing,4,66.66666666666667
P01911,HLA-DRB1,HLA-DRB1 | P01911,RDH1,12480.5087890625,Detected,4,66.66666666666667
P01911,HLA-DRB1,HLA-DRB1 | P01911,RDH2,NA,Missing,4,66.66666666666667
P01911,HLA-DRB1,HLA-DRB1 | P01911,RDH3,NA,Missing,4,66.66666666666667
P02452,COL1A1,COL1A1 | P02452,GFP1,19685.869140625,Detected,2,33.333333333333336
P02452,COL1A1,COL1A1 | P02452,GFP2,NA,Missing,2,33.333333333333336
P02452,COL1A1,COL1A1 | P02452,GFP3,NA,Missing,2,33.333333333333336
P02452,COL1A1,COL1A1 | P02452,RDH1,16884.3359375,Detected,2,33.333333333333336
P02452,COL1A1,COL1A1 | P02452,RDH2,20827.16796875,Detected,2,33.333333333333336
P02452,COL1A1,COL1A1 | P02452,RDH3,21488.3125,Detected,2,33.333333333333336
P04156,PRNP,PRNP | P04156,GFP1,23556.572265625,Detected,3,50
P04156,PRNP,PRNP | P04156,GFP2,NA,Missing,3,50
P04156,PRNP,PRNP | P04156,GFP3,6382.28271484375,Detected,3,50
P04156,PRNP,PRNP | P04156,RDH1,27148.755859375,Detected,3,50
P04156,PRNP,PRNP | P04156,RDH2,NA,Missing,3,50
P04156,PRNP,PRNP | P04156,RDH3,NA,Missing,3,50
P09958,FURIN,FURIN | P09958,GFP1,14068.38671875,Detected,3,50
P09958,FURIN,FURIN | P09958,GFP2,6886.13623046875,Detected,3,50
P09958,FURIN,FURIN | P09958,GFP3,NA,Missing,3,50
P09958,FURIN,FURIN | P09958,RDH1,NA,Missing,3,50
P09958,FURIN,FURIN | P09958,RDH2,7646.64794921875,Detected,3,50
P09958,FURIN,FURIN | P09958,RDH3,NA,Missing,3,50
P0C0L4,C4A,C4A | P0C0L4,GFP1,111844.5,Detected,2,33.333333333333336
P0C0L4,C4A,C4A | P0C0L4,GFP2,NA,Missing,2,33.333333333333336
P0C0L4,C4A,C4A | P0C0L4,GFP3,NA,Missing,2,33.333333333333336
P0C0L4,C4A,C4A | P0C0L4,RDH1,138240.625,Detected,2,33.333333333333336
P0C0L4,C4A,C4A | P0C0L4,RDH2,76946.109375,Detected,2,33.333333333333336
P0C0L4,C4A,C4A | P0C0L4,RDH3,156070.40625,Detected,2,33.333333333333336
P0C221,CCDC175,CCDC175 | P0C221,GFP1,NA,Missing,5,83.33333333333333
P0C221,CCDC175,CCDC175 | P0C221,GFP2,NA,Missing,5,83.33333333333333
P0C221,CCDC175,CCDC175 | P0C221,GFP3,NA,Missing,5,83.33333333333333
P0C221,CCDC175,CCDC175 | P0C221,RDH1,NA,Missing,5,83.33333333333333
P0C221,CCDC175,CCDC175 | P0C221,RDH2,NA,Missing,5,83.33333333333333
P0C221,CCDC175,CCDC175 | P0C221,RDH3,95939.609375,Detected,5,83.33333333333333
P0DTL5,TMEM276,TMEM276 | P0DTL5,GFP1,30169.8125,Detected,3,50
P0DTL5,TMEM276,TMEM276 | P0DTL5,GFP2,15840.7451171875,Detected,3,50
P0DTL5,TMEM276,TMEM276 | P0DTL5,GFP3,NA,Missing,3,50
P0DTL5,TMEM276,TMEM276 | P0DTL5,RDH1,106883.4453125,Detected,3,50
P0DTL5,TMEM276,TMEM276 | P0DTL5,RDH2,NA,Missing,3,50
P0DTL5,TMEM276,TMEM276 | P0DTL5,RDH3,NA,Missing,3,50
P10646,TFPI,TFPI | P10646,GFP1,9231.5400390625,Detected,3,50
P10646,TFPI,TFPI | P10646,GFP2,NA,Missing,3,50
P10646,TFPI,TFPI | P10646,GFP3,3094.664794921875,Detected,3,50
P10646,TFPI,TFPI | P10646,RDH1,7704.22119140625,Detected,3,50
P10646,TFPI,TFPI | P10646,RDH2,NA,Missing,3,50
P10646,TFPI,TFPI | P10646,RDH3,NA,Missing,3,50
P13637,ATP1A3,ATP1A3 | P13637,GFP1,32831.34765625,Detected,2,33.333333333333336
P13637,ATP1A3,ATP1A3 | P13637,GFP2,11891.3662109375,Detected,2,33.333333333333336
P13637,ATP1A3,ATP1A3 | P13637,GFP3,9320.4228515625,Detected,2,33.333333333333336
P13637,ATP1A3,ATP1A3 | P13637,RDH1,31155.595703125,Detected,2,33.333333333333336
P13637,ATP1A3,ATP1A3 | P13637,RDH2,NA,Missing,2,33.333333333333336
P13637,ATP1A3,ATP1A3 | P13637,RDH3,NA,Missing,2,33.333333333333336
P13929,ENO3,ENO3 | P13929,GFP1,68527.34375,Detected,3,50
P13929,ENO3,ENO3 | P13929,GFP2,37087.53125,Detected,3,50
P13929,ENO3,ENO3 | P13929,GFP3,NA,Missing,3,50
P13929,ENO3,ENO3 | P13929,RDH1,NA,Missing,3,50
P13929,ENO3,ENO3 | P13929,RDH2,76495.078125,Detected,3,50
P13929,ENO3,ENO3 | P13929,RDH3,NA,Missing,3,50
P14384,CPM,CPM | P14384,GFP1,3455.154052734375,Detected,4,66.66666666666667
P14384,CPM,CPM | P14384,GFP2,0,Missing,4,66.66666666666667
P14384,CPM,CPM | P14384,GFP3,2497.24169921875,Detected,4,66.66666666666667
P14384,CPM,CPM | P14384,RDH1,NA,Missing,4,66.66666666666667
P14384,CPM,CPM | P14384,RDH2,NA,Missing,4,66.66666666666667
P14384,CPM,CPM | P14384,RDH3,NA,Missing,4,66.66666666666667
P17010,ZFX,ZFX | P17010,GFP1,101870.421875,Detected,4,66.66666666666667
P17010,ZFX,ZFX | P17010,GFP2,NA,Missing,4,66.66666666666667
P17010,ZFX,ZFX | P17010,GFP3,NA,Missing,4,66.66666666666667
P17010,ZFX,ZFX | P17010,RDH1,91657.1328125,Detected,4,66.66666666666667
P17010,ZFX,ZFX | P17010,RDH2,NA,Missing,4,66.66666666666667
P17010,ZFX,ZFX | P17010,RDH3,NA,Missing,4,66.66666666666667
P17661,DES,DES | P17661,GFP1,NA,Missing,2,33.333333333333336
P17661,DES,DES | P17661,GFP2,59998.77734375,Detected,2,33.333333333333336
P17661,DES,DES | P17661,GFP3,87080.140625,Detected,2,33.333333333333336
P17661,DES,DES | P17661,RDH1,417399.5,Detected,2,33.333333333333336
P17661,DES,DES | P17661,RDH2,87709.2421875,Detected,2,33.333333333333336
P17661,DES,DES | P17661,RDH3,NA,Missing,2,33.333333333333336
P17693,HLA-G,HLA-G | P17693,GFP1,NA,Missing,5,83.33333333333333
P17693,HLA-G,HLA-G | P17693,GFP2,NA,Missing,5,83.33333333333333
P17693,HLA-G,HLA-G | P17693,GFP3,NA,Missing,5,83.33333333333333
P17693,HLA-G,HLA-G | P17693,RDH1,232486.3125,Detected,5,83.33333333333333
P17693,HLA-G,HLA-G | P17693,RDH2,NA,Missing,5,83.33333333333333
P17693,HLA-G,HLA-G | P17693,RDH3,NA,Missing,5,83.33333333333333
P18827,SDC1,SDC1 | P18827,GFP1,19460.88671875,Detected,3,50
P18827,SDC1,SDC1 | P18827,GFP2,1825.98681640625,Detected,3,50
P18827,SDC1,SDC1 | P18827,GFP3,NA,Missing,3,50
P18827,SDC1,SDC1 | P18827,RDH1,29195.025390625,Detected,3,50
P18827,SDC1,SDC1 | P18827,RDH2,NA,Missing,3,50
P18827,SDC1,SDC1 | P18827,RDH3,NA,Missing,3,50
P20908,COL5A1,COL5A1 | P20908,GFP1,14134.443359375,Detected,2,33.333333333333336
P20908,COL5A1,COL5A1 | P20908,GFP2,NA,Missing,2,33.333333333333336
P20908,COL5A1,COL5A1 | P20908,GFP3,NA,Missing,2,33.333333333333336
P20908,COL5A1,COL5A1 | P20908,RDH1,9555.345703125,Detected,2,33.333333333333336
P20908,COL5A1,COL5A1 | P20908,RDH2,4712.53955078125,Detected,2,33.333333333333336
P20908,COL5A1,COL5A1 | P20908,RDH3,10907.4111328125,Detected,2,33.333333333333336
P21802,FGFR2,FGFR2 | P21802,GFP1,26805.35546875,Detected,4,66.66666666666667
P21802,FGFR2,FGFR2 | P21802,GFP2,NA,Missing,4,66.66666666666667
P21802,FGFR2,FGFR2 | P21802,GFP3,NA,Missing,4,66.66666666666667
P21802,FGFR2,FGFR2 | P21802,RDH1,30044.86328125,Detected,4,66.66666666666667
P21802,FGFR2,FGFR2 | P21802,RDH2,NA,Missing,4,66.66666666666667
P21802,FGFR2,FGFR2 | P21802,RDH3,NA,Missing,4,66.66666666666667
P22303,ACHE,ACHE | P22303,GFP1,60328.79296875,Detected,3,50
P22303,ACHE,ACHE | P22303,GFP2,NA,Missing,3,50
P22303,ACHE,ACHE | P22303,GFP3,NA,Missing,3,50
P22303,ACHE,ACHE | P22303,RDH1,61251.359375,Detected,3,50
P22303,ACHE,ACHE | P22303,RDH2,107275.34375,Detected,3,50
P22303,ACHE,ACHE | P22303,RDH3,NA,Missing,3,50
P25101,EDNRA,EDNRA | P25101,GFP1,5484.68603515625,Detected,2,33.333333333333336
P25101,EDNRA,EDNRA | P25101,GFP2,2173.689453125,Detected,2,33.333333333333336
P25101,EDNRA,EDNRA | P25101,GFP3,NA,Missing,2,33.333333333333336
P25101,EDNRA,EDNRA | P25101,RDH1,3577.033935546875,Detected,2,33.333333333333336
P25101,EDNRA,EDNRA | P25101,RDH2,NA,Missing,2,33.333333333333336
P25101,EDNRA,EDNRA | P25101,RDH3,1607.6002197265625,Detected,2,33.333333333333336
P27701,CD82,CD82 | P27701,GFP1,84040.0625,Detected,2,33.333333333333336
P27701,CD82,CD82 | P27701,GFP2,NA,Missing,2,33.333333333333336
P27701,CD82,CD82 | P27701,GFP3,38561.875,Detected,2,33.333333333333336
P27701,CD82,CD82 | P27701,RDH1,69987.609375,Detected,2,33.333333333333336
P27701,CD82,CD82 | P27701,RDH2,33238.0078125,Detected,2,33.333333333333336
P27701,CD82,CD82 | P27701,RDH3,NA,Missing,2,33.333333333333336
P28328,PEX2,PEX2 | P28328,GFP1,NA,Missing,5,83.33333333333333
P28328,PEX2,PEX2 | P28328,GFP2,NA,Missing,5,83.33333333333333
P28328,PEX2,PEX2 | P28328,GFP3,NA,Missing,5,83.33333333333333
P28328,PEX2,PEX2 | P28328,RDH1,41128.1171875,Detected,5,83.33333333333333
P28328,PEX2,PEX2 | P28328,RDH2,NA,Missing,5,83.33333333333333
P28328,PEX2,PEX2 | P28328,RDH3,NA,Missing,5,83.33333333333333
P28827,PTPRM,PTPRM | P28827,GFP1,13679.9013671875,Detected,3,50
P28827,PTPRM,PTPRM | P28827,GFP2,NA,Missing,3,50
P28827,PTPRM,PTPRM | P28827,GFP3,NA,Missing,3,50
P28827,PTPRM,PTPRM | P28827,RDH1,7085.7021484375,Detected,3,50
P28827,PTPRM,PTPRM | P28827,RDH2,NA,Missing,3,50
P28827,PTPRM,PTPRM | P28827,RDH3,6227.5322265625,Detected,3,50
P29074,PTPN4,PTPN4 | P29074,GFP1,NA,Missing,4,66.66666666666667
P29074,PTPN4,PTPN4 | P29074,GFP2,22818.421875,Detected,4,66.66666666666667
P29074,PTPN4,PTPN4 | P29074,GFP3,NA,Missing,4,66.66666666666667
P29074,PTPN4,PTPN4 | P29074,RDH1,NA,Missing,4,66.66666666666667
P29074,PTPN4,PTPN4 | P29074,RDH2,NA,Missing,4,66.66666666666667
P29074,PTPN4,PTPN4 | P29074,RDH3,28393.33203125,Detected,4,66.66666666666667
P31431,SDC4,SDC4 | P31431,GFP1,13943.8251953125,Detected,4,66.66666666666667
P31431,SDC4,SDC4 | P31431,GFP2,NA,Missing,4,66.66666666666667
P31431,SDC4,SDC4 | P31431,GFP3,NA,Missing,4,66.66666666666667
P31431,SDC4,SDC4 | P31431,RDH1,14287.3154296875,Detected,4,66.66666666666667
P31431,SDC4,SDC4 | P31431,RDH2,NA,Missing,4,66.66666666666667
P31431,SDC4,SDC4 | P31431,RDH3,NA,Missing,4,66.66666666666667
P35548,MSX2,MSX2 | P35548,GFP1,17776.66015625,Detected,3,50
P35548,MSX2,MSX2 | P35548,GFP2,NA,Missing,3,50
P35548,MSX2,MSX2 | P35548,GFP3,NA,Missing,3,50
P35548,MSX2,MSX2 | P35548,RDH1,25589.724609375,Detected,3,50
P35548,MSX2,MSX2 | P35548,RDH2,NA,Missing,3,50
P35548,MSX2,MSX2 | P35548,RDH3,20696.521484375,Detected,3,50
P35609,ACTN2,ACTN2 | P35609,GFP1,99283.34375,Detected,3,50
P35609,ACTN2,ACTN2 | P35609,GFP2,53230.78125,Detected,3,50
P35609,ACTN2,ACTN2 | P35609,GFP3,NA,Missing,3,50
P35609,ACTN2,ACTN2 | P35609,RDH1,73720.3671875,Detected,3,50
P35609,ACTN2,ACTN2 | P35609,RDH2,NA,Missing,3,50
P35609,ACTN2,ACTN2 | P35609,RDH3,NA,Missing,3,50
P35711,SOX5,SOX5 | P35711,GFP1,49483.64453125,Detected,3,50
P35711,SOX5,SOX5 | P35711,GFP2,45245.24609375,Detected,3,50
P35711,SOX5,SOX5 | P35711,GFP3,47479.21875,Detected,3,50
P35711,SOX5,SOX5 | P35711,RDH1,NA,Missing,3,50
P35711,SOX5,SOX5 | P35711,RDH2,NA,Missing,3,50
P35711,SOX5,SOX5 | P35711,RDH3,NA,Missing,3,50
P36406,TRIM23,TRIM23 | P36406,GFP1,NA,Missing,4,66.66666666666667
P36406,TRIM23,TRIM23 | P36406,GFP2,NA,Missing,4,66.66666666666667
P36406,TRIM23,TRIM23 | P36406,GFP3,NA,Missing,4,66.66666666666667
P36406,TRIM23,TRIM23 | P36406,RDH1,NA,Missing,4,66.66666666666667
P36406,TRIM23,TRIM23 | P36406,RDH2,58152.76953125,Detected,4,66.66666666666667
P36406,TRIM23,TRIM23 | P36406,RDH3,74860.78125,Detected,4,66.66666666666667
P38936,CDKN1A,CDKN1A | P38936,GFP1,17412.70703125,Detected,2,33.333333333333336
P38936,CDKN1A,CDKN1A | P38936,GFP2,16702.568359375,Detected,2,33.333333333333336
P38936,CDKN1A,CDKN1A | P38936,GFP3,17846.986328125,Detected,2,33.333333333333336
P38936,CDKN1A,CDKN1A | P38936,RDH1,NA,Missing,2,33.333333333333336
P38936,CDKN1A,CDKN1A | P38936,RDH2,20069.8125,Detected,2,33.333333333333336
P38936,CDKN1A,CDKN1A | P38936,RDH3,NA,Missing,2,33.333333333333336
P41273,TNFSF9,TNFSF9 | P41273,GFP1,2759.34423828125,Detected,4,66.66666666666667
P41273,TNFSF9,TNFSF9 | P41273,GFP2,NA,Missing,4,66.66666666666667
P41273,TNFSF9,TNFSF9 | P41273,GFP3,NA,Missing,4,66.66666666666667
P41273,TNFSF9,TNFSF9 | P41273,RDH1,4627.09912109375,Detected,4,66.66666666666667
P41273,TNFSF9,TNFSF9 | P41273,RDH2,NA,Missing,4,66.66666666666667
P41273,TNFSF9,TNFSF9 | P41273,RDH3,NA,Missing,4,66.66666666666667
P43699,NKX2-1,NKX2-1 | P43699,GFP1,22714.6875,Detected,5,83.33333333333333
P43699,NKX2-1,NKX2-1 | P43699,GFP2,NA,Missing,5,83.33333333333333
P43699,NKX2-1,NKX2-1 | P43699,GFP3,NA,Missing,5,83.33333333333333
P43699,NKX2-1,NKX2-1 | P43699,RDH1,NA,Missing,5,83.33333333333333
P43699,NKX2-1,NKX2-1 | P43699,RDH2,NA,Missing,5,83.33333333333333
P43699,NKX2-1,NKX2-1 | P43699,RDH3,NA,Missing,5,83.33333333333333
P45844,ABCG1,ABCG1 | P45844,GFP1,13435.642578125,Detected,3,50
P45844,ABCG1,ABCG1 | P45844,GFP2,NA,Missing,3,50
P45844,ABCG1,ABCG1 | P45844,GFP3,NA,Missing,3,50
P45844,ABCG1,ABCG1 | P45844,RDH1,6857.15185546875,Detected,3,50
P45844,ABCG1,ABCG1 | P45844,RDH2,2330.5302734375,Detected,3,50
P45844,ABCG1,ABCG1 | P45844,RDH3,NA,Missing,3,50
P49184,DNASE1L1,DNASE1L1 | P49184,GFP1,19826.306640625,Detected,4,66.66666666666667
P49184,DNASE1L1,DNASE1L1 | P49184,GFP2,NA,Missing,4,66.66666666666667
P49184,DNASE1L1,DNASE1L1 | P49184,GFP3,NA,Missing,4,66.66666666666667
P49184,DNASE1L1,DNASE1L1 | P49184,RDH1,15344.34765625,Detected,4,66.66666666666667
P49184,DNASE1L1,DNASE1L1 | P49184,RDH2,NA,Missing,4,66.66666666666667
P49184,DNASE1L1,DNASE1L1 | P49184,RDH3,NA,Missing,4,66.66666666666667
P49747,COMP,COMP | P49747,GFP1,NA,Missing,5,83.33333333333333
P49747,COMP,COMP | P49747,GFP2,NA,Missing,5,83.33333333333333
P49747,COMP,COMP | P49747,GFP3,NA,Missing,5,83.33333333333333
P49747,COMP,COMP | P49747,RDH1,NA,Missing,5,83.33333333333333
P49747,COMP,COMP | P49747,RDH2,NA,Missing,5,83.33333333333333
P49747,COMP,COMP | P49747,RDH3,36642.11328125,Detected,5,83.33333333333333
P51511,MMP15,MMP15 | P51511,GFP1,NA,Missing,5,83.33333333333333
P51511,MMP15,MMP15 | P51511,GFP2,NA,Missing,5,83.33333333333333
P51511,MMP15,MMP15 | P51511,GFP3,NA,Missing,5,83.33333333333333
P51511,MMP15,MMP15 | P51511,RDH1,27777.9453125,Detected,5,83.33333333333333
P51511,MMP15,MMP15 | P51511,RDH2,NA,Missing,5,83.33333333333333
P51511,MMP15,MMP15 | P51511,RDH3,NA,Missing,5,83.33333333333333
P51636,CAV2,CAV2 | P51636,GFP1,NA,Missing,4,66.66666666666667
P51636,CAV2,CAV2 | P51636,GFP2,NA,Missing,4,66.66666666666667
P51636,CAV2,CAV2 | P51636,GFP3,8896.4833984375,Detected,4,66.66666666666667
P51636,CAV2,CAV2 | P51636,RDH1,21903.716796875,Detected,4,66.66666666666667
P51636,CAV2,CAV2 | P51636,RDH2,NA,Missing,4,66.66666666666667
P51636,CAV2,CAV2 | P51636,RDH3,NA,Missing,4,66.66666666666667
P52797,EFNA3,EFNA3 | P52797,GFP1,14482.2451171875,Detected,4,66.66666666666667
P52797,EFNA3,EFNA3 | P52797,GFP2,NA,Missing,4,66.66666666666667
P52797,EFNA3,EFNA3 | P52797,GFP3,NA,Missing,4,66.66666666666667
P52797,EFNA3,EFNA3 | P52797,RDH1,16207.1748046875,Detected,4,66.66666666666667
P52797,EFNA3,EFNA3 | P52797,RDH2,NA,Missing,4,66.66666666666667
P52797,EFNA3,EFNA3 | P52797,RDH3,NA,Missing,4,66.66666666666667
P52799,EFNB2,EFNB2 | P52799,GFP1,35823.3203125,Detected,4,66.66666666666667
P52799,EFNB2,EFNB2 | P52799,GFP2,NA,Missing,4,66.66666666666667
P52799,EFNB2,EFNB2 | P52799,GFP3,NA,Missing,4,66.66666666666667
P52799,EFNB2,EFNB2 | P52799,RDH1,17567.650390625,Detected,4,66.66666666666667
P52799,EFNB2,EFNB2 | P52799,RDH2,NA,Missing,4,66.66666666666667
P52799,EFNB2,EFNB2 | P52799,RDH3,NA,Missing,4,66.66666666666667
P52803,EFNA5,EFNA5 | P52803,GFP1,29713.9140625,Detected,2,33.333333333333336
P52803,EFNA5,EFNA5 | P52803,GFP2,NA,Missing,2,33.333333333333336
P52803,EFNA5,EFNA5 | P52803,GFP3,4350.40869140625,Detected,2,33.333333333333336
P52803,EFNA5,EFNA5 | P52803,RDH1,41035.58984375,Detected,2,33.333333333333336
P52803,EFNA5,EFNA5 | P52803,RDH2,NA,Missing,2,33.333333333333336
P52803,EFNA5,EFNA5 | P52803,RDH3,4624.25927734375,Detected,2,33.333333333333336
P55055,NR1H2,NR1H2 | P55055,GFP1,NA,Missing,4,66.66666666666667
P55055,NR1H2,NR1H2 | P55055,GFP2,NA,Missing,4,66.66666666666667
P55055,NR1H2,NR1H2 | P55055,GFP3,8250.1240234375,Detected,4,66.66666666666667
P55055,NR1H2,NR1H2 | P55055,RDH1,13107.8720703125,Detected,4,66.66666666666667
P55055,NR1H2,NR1H2 | P55055,RDH2,NA,Missing,4,66.66666666666667
P55055,NR1H2,NR1H2 | P55055,RDH3,NA,Missing,4,66.66666666666667
P55058,PLTP,PLTP | P55058,GFP1,NA,Missing,3,50
P55058,PLTP,PLTP | P55058,GFP2,NA,Missing,3,50
P55058,PLTP,PLTP | P55058,GFP3,NA,Missing,3,50
P55058,PLTP,PLTP | P55058,RDH1,9736.2744140625,Detected,3,50
P55058,PLTP,PLTP | P55058,RDH2,8393.4521484375,Detected,3,50
P55058,PLTP,PLTP | P55058,RDH3,4722.89892578125,Detected,3,50
P58166,INHBE,INHBE | P58166,GFP1,21232.9453125,Detected,3,50
P58166,INHBE,INHBE | P58166,GFP2,NA,Missing,3,50
P58166,INHBE,INHBE | P58166,GFP3,6609.0322265625,Detected,3,50
P58166,INHBE,INHBE | P58166,RDH1,3327.58837890625,Detected,3,50
P58166,INHBE,INHBE | P58166,RDH2,NA,Missing,3,50
P58166,INHBE,INHBE | P58166,RDH3,NA,Missing,3,50
P58340,MLF1,MLF1 | P58340,GFP1,NA,Missing,3,50
P58340,MLF1,MLF1 | P58340,GFP2,NA,Missing,3,50
P58340,MLF1,MLF1 | P58340,GFP3,NA,Missing,3,50
P58340,MLF1,MLF1 | P58340,RDH1,13196.8876953125,Detected,3,50
P58340,MLF1,MLF1 | P58340,RDH2,10775.259765625,Detected,3,50
P58340,MLF1,MLF1 | P58340,RDH3,9819.18359375,Detected,3,50
P78324,SIRPA,SIRPA | P78324,GFP1,17913.443359375,Detected,3,50
P78324,SIRPA,SIRPA | P78324,GFP2,4540.08984375,Detected,3,50
P78324,SIRPA,SIRPA | P78324,GFP3,NA,Missing,3,50
P78324,SIRPA,SIRPA | P78324,RDH1,12330.8447265625,Detected,3,50
P78324,SIRPA,SIRPA | P78324,RDH2,NA,Missing,3,50
P78324,SIRPA,SIRPA | P78324,RDH3,NA,Missing,3,50
P78352,DLG4,DLG4 | P78352,GFP1,15884.5712890625,Detected,4,66.66666666666667
P78352,DLG4,DLG4 | P78352,GFP2,NA,Missing,4,66.66666666666667
P78352,DLG4,DLG4 | P78352,GFP3,NA,Missing,4,66.66666666666667
P78352,DLG4,DLG4 | P78352,RDH1,15626.853515625,Detected,4,66.66666666666667
P78352,DLG4,DLG4 | P78352,RDH2,NA,Missing,4,66.66666666666667
P78352,DLG4,DLG4 | P78352,RDH3,NA,Missing,4,66.66666666666667
P98196,ATP11A,ATP11A | P98196,GFP1,NA,Missing,4,66.66666666666667
P98196,ATP11A,ATP11A | P98196,GFP2,NA,Missing,4,66.66666666666667
P98196,ATP11A,ATP11A | P98196,GFP3,4539.50537109375,Detected,4,66.66666666666667
P98196,ATP11A,ATP11A | P98196,RDH1,10151.23828125,Detected,4,66.66666666666667
P98196,ATP11A,ATP11A | P98196,RDH2,NA,Missing,4,66.66666666666667
P98196,ATP11A,ATP11A | P98196,RDH3,NA,Missing,4,66.66666666666667
P98198,ATP8B2,ATP8B2 | P98198,GFP1,15125.4521484375,Detected,2,33.333333333333336
P98198,ATP8B2,ATP8B2 | P98198,GFP2,NA,Missing,2,33.333333333333336
P98198,ATP8B2,ATP8B2 | P98198,GFP3,17664.982421875,Detected,2,33.333333333333336
P98198,ATP8B2,ATP8B2 | P98198,RDH1,24117.064453125,Detected,2,33.333333333333336
P98198,ATP8B2,ATP8B2 | P98198,RDH2,25924.849609375,Detected,2,33.333333333333336
P98198,ATP8B2,ATP8B2 | P98198,RDH3,NA,Missing,2,33.333333333333336
Q00597,FANCC,FANCC | Q00597,GFP1,17506.77734375,Detected,2,33.333333333333336
Q00597,FANCC,FANCC | Q00597,GFP2,4398.5009765625,Detected,2,33.333333333333336
Q00597,FANCC,FANCC | Q00597,GFP3,0,Missing,2,33.333333333333336
Q00597,FANCC,FANCC | Q00597,RDH1,12304.1875,Detected,2,33.333333333333336
Q00597,FANCC,FANCC | Q00597,RDH2,3150.2861328125,Detected,2,33.333333333333336
Q00597,FANCC,FANCC | Q00597,RDH3,NA,Missing,2,33.333333333333336
Q04912,MST1R,MST1R | Q04912,GFP1,NA,Missing,4,66.66666666666667
Q04912,MST1R,MST1R | Q04912,GFP2,24422.623046875,Detected,4,66.66666666666667
Q04912,MST1R,MST1R | Q04912,GFP3,20325.271484375,Detected,4,66.66666666666667
Q04912,MST1R,MST1R | Q04912,RDH1,NA,Missing,4,66.66666666666667
Q04912,MST1R,MST1R | Q04912,RDH2,NA,Missing,4,66.66666666666667
Q04912,MST1R,MST1R | Q04912,RDH3,NA,Missing,4,66.66666666666667
Q0P651,ABHD18,ABHD18 | Q0P651,GFP1,4883.9404296875,Detected,3,50
Q0P651,ABHD18,ABHD18 | Q0P651,GFP2,NA,Missing,3,50
Q0P651,ABHD18,ABHD18 | Q0P651,GFP3,NA,Missing,3,50
Q0P651,ABHD18,ABHD18 | Q0P651,RDH1,11568.24609375,Detected,3,50
Q0P651,ABHD18,ABHD18 | Q0P651,RDH2,NA,Missing,3,50
Q0P651,ABHD18,ABHD18 | Q0P651,RDH3,4600.154296875,Detected,3,50
Q12887,COX10,COX10 | Q12887,GFP1,14144.892578125,Detected,3,50
Q12887,COX10,COX10 | Q12887,GFP2,NA,Missing,3,50
Q12887,COX10,COX10 | Q12887,GFP3,NA,Missing,3,50
Q12887,COX10,COX10 | Q12887,RDH1,16300.203125,Detected,3,50
Q12887,COX10,COX10 | Q12887,RDH2,NA,Missing,3,50
Q12887,COX10,COX10 | Q12887,RDH3,8236.404296875,Detected,3,50
Q13542,EIF4EBP2,EIF4EBP2 | Q13542,GFP1,2024.753173828125,Detected,3,50
Q13542,EIF4EBP2,EIF4EBP2 | Q13542,GFP2,8376.5732421875,Detected,3,50
Q13542,EIF4EBP2,EIF4EBP2 | Q13542,GFP3,3588.304931640625,Detected,3,50
Q13542,EIF4EBP2,EIF4EBP2 | Q13542,RDH1,NA,Missing,3,50
Q13542,EIF4EBP2,EIF4EBP2 | Q13542,RDH2,0,Missing,3,50
Q13542,EIF4EBP2,EIF4EBP2 | Q13542,RDH3,NA,Missing,3,50
Q13585,GPR50,GPR50 | Q13585,GFP1,3015.36474609375,Detected,4,66.66666666666667
Q13585,GPR50,GPR50 | Q13585,GFP2,NA,Missing,4,66.66666666666667
Q13585,GPR50,GPR50 | Q13585,GFP3,NA,Missing,4,66.66666666666667
Q13585,GPR50,GPR50 | Q13585,RDH1,17464.802734375,Detected,4,66.66666666666667
Q13585,GPR50,GPR50 | Q13585,RDH2,NA,Missing,4,66.66666666666667
Q13585,GPR50,GPR50 | Q13585,RDH3,NA,Missing,4,66.66666666666667
Q13686,ALKBH1,ALKBH1 | Q13686,GFP1,11372.8984375,Detected,2,33.333333333333336
Q13686,ALKBH1,ALKBH1 | Q13686,GFP2,6649.13232421875,Detected,2,33.333333333333336
Q13686,ALKBH1,ALKBH1 | Q13686,GFP3,7437.462890625,Detected,2,33.333333333333336
Q13686,ALKBH1,ALKBH1 | Q13686,RDH1,19288.3203125,Detected,2,33.333333333333336
Q13686,ALKBH1,ALKBH1 | Q13686,RDH2,NA,Missing,2,33.333333333333336
Q13686,ALKBH1,ALKBH1 | Q13686,RDH3,NA,Missing,2,33.333333333333336
Q14061,COX17,COX17 | Q14061,GFP1,47014.37109375,Detected,2,33.333333333333336
Q14061,COX17,COX17 | Q14061,GFP2,NA,Missing,2,33.333333333333336
Q14061,COX17,COX17 | Q14061,GFP3,10213.1650390625,Detected,2,33.333333333333336
Q14061,COX17,COX17 | Q14061,RDH1,NA,Missing,2,33.333333333333336
Q14061,COX17,COX17 | Q14061,RDH2,16193.2265625,Detected,2,33.333333333333336
Q14061,COX17,COX17 | Q14061,RDH3,10662.205078125,Detected,2,33.333333333333336
Q14442,PIGH,PIGH | Q14442,GFP1,26984.607421875,Detected,3,50
Q14442,PIGH,PIGH | Q14442,GFP2,9164.2626953125,Detected,3,50
Q14442,PIGH,PIGH | Q14442,GFP3,NA,Missing,3,50
Q14442,PIGH,PIGH | Q14442,RDH1,41168.28125,Detected,3,50
Q14442,PIGH,PIGH | Q14442,RDH2,NA,Missing,3,50
Q14442,PIGH,PIGH | Q14442,RDH3,NA,Missing,3,50
Q15012,LAPTM4A,LAPTM4A | Q15012,GFP1,31655.4140625,Detected,3,50
Q15012,LAPTM4A,LAPTM4A | Q15012,GFP2,NA,Missing,3,50
Q15012,LAPTM4A,LAPTM4A | Q15012,GFP3,NA,Missing,3,50
Q15012,LAPTM4A,LAPTM4A | Q15012,RDH1,56145.671875,Detected,3,50
Q15012,LAPTM4A,LAPTM4A | Q15012,RDH2,15987.2578125,Detected,3,50
Q15012,LAPTM4A,LAPTM4A | Q15012,RDH3,NA,Missing,3,50
Q15569,TESK1,TESK1 | Q15569,GFP1,NA,Missing,3,50
Q15569,TESK1,TESK1 | Q15569,GFP2,2225.861572265625,Detected,3,50
Q15569,TESK1,TESK1 | Q15569,GFP3,5055.66064453125,Detected,3,50
Q15569,TESK1,TESK1 | Q15569,RDH1,3730.833984375,Detected,3,50
Q15569,TESK1,TESK1 | Q15569,RDH2,NA,Missing,3,50
Q15569,TESK1,TESK1 | Q15569,RDH3,NA,Missing,3,50
Q16206,ENOX2,ENOX2 | Q16206,GFP1,6577.81005859375,Detected,4,66.66666666666667
Q16206,ENOX2,ENOX2 | Q16206,GFP2,NA,Missing,4,66.66666666666667
Q16206,ENOX2,ENOX2 | Q16206,GFP3,NA,Missing,4,66.66666666666667
Q16206,ENOX2,ENOX2 | Q16206,RDH1,9958.4658203125,Detected,4,66.66666666666667
Q16206,ENOX2,ENOX2 | Q16206,RDH2,NA,Missing,4,66.66666666666667
Q16206,ENOX2,ENOX2 | Q16206,RDH3,NA,Missing,4,66.66666666666667
Q16363,LAMA4,LAMA4 | Q16363,GFP1,20608.951171875,Detected,3,50
Q16363,LAMA4,LAMA4 | Q16363,GFP2,NA,Missing,3,50
Q16363,LAMA4,LAMA4 | Q16363,GFP3,NA,Missing,3,50
Q16363,LAMA4,LAMA4 | Q16363,RDH1,20903.298828125,Detected,3,50
Q16363,LAMA4,LAMA4 | Q16363,RDH2,9353.4404296875,Detected,3,50
Q16363,LAMA4,LAMA4 | Q16363,RDH3,NA,Missing,3,50
Q16526,CRY1,CRY1 | Q16526,GFP1,NA,Missing,3,50
Q16526,CRY1,CRY1 | Q16526,GFP2,NA,Missing,3,50
Q16526,CRY1,CRY1 | Q16526,GFP3,55311.515625,Detected,3,50
Q16526,CRY1,CRY1 | Q16526,RDH1,NA,Missing,3,50
Q16526,CRY1,CRY1 | Q16526,RDH2,42791.64453125,Detected,3,50
Q16526,CRY1,CRY1 | Q16526,RDH3,27400.2421875,Detected,3,50
Q1ZZU3,SWI5,SWI5 | Q1ZZU3,GFP1,NA,Missing,4,66.66666666666667
Q1ZZU3,SWI5,SWI5 | Q1ZZU3,GFP2,2438.993896484375,Detected,4,66.66666666666667
Q1ZZU3,SWI5,SWI5 | Q1ZZU3,GFP3,1904.28955078125,Detected,4,66.66666666666667
Q1ZZU3,SWI5,SWI5 | Q1ZZU3,RDH1,NA,Missing,4,66.66666666666667
Q1ZZU3,SWI5,SWI5 | Q1ZZU3,RDH2,NA,Missing,4,66.66666666666667
Q1ZZU3,SWI5,SWI5 | Q1ZZU3,RDH3,NA,Missing,4,66.66666666666667
Q50LG9,LRRC24,LRRC24 | Q50LG9,GFP1,25758.2578125,Detected,5,83.33333333333333
Q50LG9,LRRC24,LRRC24 | Q50LG9,GFP2,NA,Missing,5,83.33333333333333
Q50LG9,LRRC24,LRRC24 | Q50LG9,GFP3,NA,Missing,5,83.33333333333333
Q50LG9,LRRC24,LRRC24 | Q50LG9,RDH1,NA,Missing,5,83.33333333333333
Q50LG9,LRRC24,LRRC24 | Q50LG9,RDH2,NA,Missing,5,83.33333333333333
Q50LG9,LRRC24,LRRC24 | Q50LG9,RDH3,NA,Missing,5,83.33333333333333
Q53FV1,ORMDL2,ORMDL2 | Q53FV1,GFP1,NA,Missing,3,50
Q53FV1,ORMDL2,ORMDL2 | Q53FV1,GFP2,NA,Missing,3,50
Q53FV1,ORMDL2,ORMDL2 | Q53FV1,GFP3,8499.630859375,Detected,3,50
Q53FV1,ORMDL2,ORMDL2 | Q53FV1,RDH1,25400.375,Detected,3,50
Q53FV1,ORMDL2,ORMDL2 | Q53FV1,RDH2,NA,Missing,3,50
Q53FV1,ORMDL2,ORMDL2 | Q53FV1,RDH3,5784.51806640625,Detected,3,50
Q5JTC6,AMER1,AMER1 | Q5JTC6,GFP1,NA,Missing,2,33.333333333333336
Q5JTC6,AMER1,AMER1 | Q5JTC6,GFP2,1858.510009765625,Detected,2,33.333333333333336
Q5JTC6,AMER1,AMER1 | Q5JTC6,GFP3,2442.126953125,Detected,2,33.333333333333336
Q5JTC6,AMER1,AMER1 | Q5JTC6,RDH1,NA,Missing,2,33.333333333333336
Q5JTC6,AMER1,AMER1 | Q5JTC6,RDH2,6115.12548828125,Detected,2,33.333333333333336
Q5JTC6,AMER1,AMER1 | Q5JTC6,RDH3,6892.19873046875,Detected,2,33.333333333333336
Q5T0U0,CCDC122,CCDC122 | Q5T0U0,GFP1,NA,Missing,5,83.33333333333333
Q5T0U0,CCDC122,CCDC122 | Q5T0U0,GFP2,NA,Missing,5,83.33333333333333
Q5T0U0,CCDC122,CCDC122 | Q5T0U0,GFP3,NA,Missing,5,83.33333333333333
Q5T0U0,CCDC122,CCDC122 | Q5T0U0,RDH1,NA,Missing,5,83.33333333333333
Q5T0U0,CCDC122,CCDC122 | Q5T0U0,RDH2,12433.7939453125,Detected,5,83.33333333333333
Q5T0U0,CCDC122,CCDC122 | Q5T0U0,RDH3,NA,Missing,5,83.33333333333333
Q5T4B2,CERCAM,CERCAM | Q5T4B2,GFP1,NA,Missing,5,83.33333333333333
Q5T4B2,CERCAM,CERCAM | Q5T4B2,GFP2,0,Missing,5,83.33333333333333
Q5T4B2,CERCAM,CERCAM | Q5T4B2,GFP3,NA,Missing,5,83.33333333333333
Q5T4B2,CERCAM,CERCAM | Q5T4B2,RDH1,NA,Missing,5,83.33333333333333
Q5T4B2,CERCAM,CERCAM | Q5T4B2,RDH2,NA,Missing,5,83.33333333333333
Q5T4B2,CERCAM,CERCAM | Q5T4B2,RDH3,17531.51953125,Detected,5,83.33333333333333
Q5T9S5,CCDC18,CCDC18 | Q5T9S5,GFP1,NA,Missing,3,50
Q5T9S5,CCDC18,CCDC18 | Q5T9S5,GFP2,NA,Missing,3,50
Q5T9S5,CCDC18,CCDC18 | Q5T9S5,GFP3,23060.052734375,Detected,3,50
Q5T9S5,CCDC18,CCDC18 | Q5T9S5,RDH1,21925.744140625,Detected,3,50
Q5T9S5,CCDC18,CCDC18 | Q5T9S5,RDH2,23591.70703125,Detected,3,50
Q5T9S5,CCDC18,CCDC18 | Q5T9S5,RDH3,NA,Missing,3,50
Q5TA31,RNF187,RNF187 | Q5TA31,GFP1,0,Missing,6,100
Q5TA31,RNF187,RNF187 | Q5TA31,GFP2,0,Missing,6,100
Q5TA31,RNF187,RNF187 | Q5TA31,GFP3,0,Missing,6,100
Q5TA31,RNF187,RNF187 | Q5TA31,RDH1,0,Missing,6,100
Q5TA31,RNF187,RNF187 | Q5TA31,RDH2,NA,Missing,6,100
Q5TA31,RNF187,RNF187 | Q5TA31,RDH3,NA,Missing,6,100
Q5VUB5,FAM171A1,FAM171A1 | Q5VUB5,GFP1,NA,Missing,3,50
Q5VUB5,FAM171A1,FAM171A1 | Q5VUB5,GFP2,NA,Missing,3,50
Q5VUB5,FAM171A1,FAM171A1 | Q5VUB5,GFP3,4181.39892578125,Detected,3,50
Q5VUB5,FAM171A1,FAM171A1 | Q5VUB5,RDH1,14958.4482421875,Detected,3,50
Q5VUB5,FAM171A1,FAM171A1 | Q5VUB5,RDH2,NA,Missing,3,50
Q5VUB5,FAM171A1,FAM171A1 | Q5VUB5,RDH3,14376.3974609375,Detected,3,50
Q5VXT5,SYPL2,SYPL2 | Q5VXT5,GFP1,120261.125,Detected,3,50
Q5VXT5,SYPL2,SYPL2 | Q5VXT5,GFP2,NA,Missing,3,50
Q5VXT5,SYPL2,SYPL2 | Q5VXT5,GFP3,71475.8203125,Detected,3,50
Q5VXT5,SYPL2,SYPL2 | Q5VXT5,RDH1,122871.21875,Detected,3,50
Q5VXT5,SYPL2,SYPL2 | Q5VXT5,RDH2,NA,Missing,3,50
Q5VXT5,SYPL2,SYPL2 | Q5VXT5,RDH3,NA,Missing,3,50
Q5VY09,IER5,IER5 | Q5VY09,GFP1,NA,Missing,5,83.33333333333333
Q5VY09,IER5,IER5 | Q5VY09,GFP2,NA,Missing,5,83.33333333333333
Q5VY09,IER5,IER5 | Q5VY09,GFP3,NA,Missing,5,83.33333333333333
Q5VY09,IER5,IER5 | Q5VY09,RDH1,NA,Missing,5,83.33333333333333
Q5VY09,IER5,IER5 | Q5VY09,RDH2,630956.875,Detected,5,83.33333333333333
Q5VY09,IER5,IER5 | Q5VY09,RDH3,NA,Missing,5,83.33333333333333
Q63HQ2,EGFLAM,EGFLAM | Q63HQ2,GFP1,8564.98046875,Detected,4,66.66666666666667
Q63HQ2,EGFLAM,EGFLAM | Q63HQ2,GFP2,NA,Missing,4,66.66666666666667
Q63HQ2,EGFLAM,EGFLAM | Q63HQ2,GFP3,NA,Missing,4,66.66666666666667
Q63HQ2,EGFLAM,EGFLAM | Q63HQ2,RDH1,5643.80517578125,Detected,4,66.66666666666667
Q63HQ2,EGFLAM,EGFLAM | Q63HQ2,RDH2,NA,Missing,4,66.66666666666667
Q63HQ2,EGFLAM,EGFLAM | Q63HQ2,RDH3,NA,Missing,4,66.66666666666667
Q6B0I6,KDM4D,KDM4D | Q6B0I6,GFP1,6763.0966796875,Detected,3,50
Q6B0I6,KDM4D,KDM4D | Q6B0I6,GFP2,NA,Missing,3,50
Q6B0I6,KDM4D,KDM4D | Q6B0I6,GFP3,NA,Missing,3,50
Q6B0I6,KDM4D,KDM4D | Q6B0I6,RDH1,15775.9189453125,Detected,3,50
Q6B0I6,KDM4D,KDM4D | Q6B0I6,RDH2,NA,Missing,3,50
Q6B0I6,KDM4D,KDM4D | Q6B0I6,RDH3,5276.09765625,Detected,3,50
Q6IC98,GRAMD4,GRAMD4 | Q6IC98,GFP1,4260.4013671875,Detected,4,66.66666666666667
Q6IC98,GRAMD4,GRAMD4 | Q6IC98,GFP2,NA,Missing,4,66.66666666666667
Q6IC98,GRAMD4,GRAMD4 | Q6IC98,GFP3,NA,Missing,4,66.66666666666667
Q6IC98,GRAMD4,GRAMD4 | Q6IC98,RDH1,13973.3369140625,Detected,4,66.66666666666667
Q6IC98,GRAMD4,GRAMD4 | Q6IC98,RDH2,NA,Missing,4,66.66666666666667
Q6IC98,GRAMD4,GRAMD4 | Q6IC98,RDH3,NA,Missing,4,66.66666666666667
Q6IEE7,TMEM132E,TMEM132E | Q6IEE7,GFP1,12869.640625,Detected,4,66.66666666666667
Q6IEE7,TMEM132E,TMEM132E | Q6IEE7,GFP2,NA,Missing,4,66.66666666666667
Q6IEE7,TMEM132E,TMEM132E | Q6IEE7,GFP3,NA,Missing,4,66.66666666666667
Q6IEE7,TMEM132E,TMEM132E | Q6IEE7,RDH1,13781.529296875,Detected,4,66.66666666666667
Q6IEE7,TMEM132E,TMEM132E | Q6IEE7,RDH2,NA,Missing,4,66.66666666666667
Q6IEE7,TMEM132E,TMEM132E | Q6IEE7,RDH3,NA,Missing,4,66.66666666666667
Q6NVV3,NIPAL1,NIPAL1 | Q6NVV3,GFP1,15577.0634765625,Detected,3,50
Q6NVV3,NIPAL1,NIPAL1 | Q6NVV3,GFP2,NA,Missing,3,50
Q6NVV3,NIPAL1,NIPAL1 | Q6NVV3,GFP3,NA,Missing,3,50
Q6NVV3,NIPAL1,NIPAL1 | Q6NVV3,RDH1,17454.349609375,Detected,3,50
Q6NVV3,NIPAL1,NIPAL1 | Q6NVV3,RDH2,10115.515625,Detected,3,50
Q6NVV3,NIPAL1,NIPAL1 | Q6NVV3,RDH3,NA,Missing,3,50
Q6NZI2,CAVIN1,CAVIN1 | Q6NZI2,GFP1,NA,Missing,4,66.66666666666667
Q6NZI2,CAVIN1,CAVIN1 | Q6NZI2,GFP2,NA,Missing,4,66.66666666666667
Q6NZI2,CAVIN1,CAVIN1 | Q6NZI2,GFP3,NA,Missing,4,66.66666666666667
Q6NZI2,CAVIN1,CAVIN1 | Q6NZI2,RDH1,95928.0859375,Detected,4,66.66666666666667
Q6NZI2,CAVIN1,CAVIN1 | Q6NZI2,RDH2,22550.181640625,Detected,4,66.66666666666667
Q6NZI2,CAVIN1,CAVIN1 | Q6NZI2,RDH3,NA,Missing,4,66.66666666666667
Q6P3R8,NEK5,NEK5 | Q6P3R8,GFP1,54763.0234375,Detected,3,50
Q6P3R8,NEK5,NEK5 | Q6P3R8,GFP2,62884.3046875,Detected,3,50
Q6P3R8,NEK5,NEK5 | Q6P3R8,GFP3,NA,Missing,3,50
Q6P3R8,NEK5,NEK5 | Q6P3R8,RDH1,NA,Missing,3,50
Q6P3R8,NEK5,NEK5 | Q6P3R8,RDH2,NA,Missing,3,50
Q6P3R8,NEK5,NEK5 | Q6P3R8,RDH3,44836.46484375,Detected,3,50
Q6P3S1,DENND1B,DENND1B | Q6P3S1,GFP1,NA,Missing,4,66.66666666666667
Q6P3S1,DENND1B,DENND1B | Q6P3S1,GFP2,NA,Missing,4,66.66666666666667
Q6P3S1,DENND1B,DENND1B | Q6P3S1,GFP3,3281.423095703125,Detected,4,66.66666666666667
Q6P3S1,DENND1B,DENND1B | Q6P3S1,RDH1,NA,Missing,4,66.66666666666667
Q6P3S1,DENND1B,DENND1B | Q6P3S1,RDH2,NA,Missing,4,66.66666666666667
Q6P3S1,DENND1B,DENND1B | Q6P3S1,RDH3,2388.48681640625,Detected,4,66.66666666666667
Q6PEV8,FAM199X,FAM199X | Q6PEV8,GFP1,NA,Missing,3,50
Q6PEV8,FAM199X,FAM199X | Q6PEV8,GFP2,15702.5302734375,Detected,3,50
Q6PEV8,FAM199X,FAM199X | Q6PEV8,GFP3,13854.216796875,Detected,3,50
Q6PEV8,FAM199X,FAM199X | Q6PEV8,RDH1,NA,Missing,3,50
Q6PEV8,FAM199X,FAM199X | Q6PEV8,RDH2,NA,Missing,3,50
Q6PEV8,FAM199X,FAM199X | Q6PEV8,RDH3,23663.306640625,Detected,3,50
Q6PGQ7,BORA,BORA | Q6PGQ7,GFP1,NA,Missing,5,83.33333333333333
Q6PGQ7,BORA,BORA | Q6PGQ7,GFP2,8480.2763671875,Detected,5,83.33333333333333
Q6PGQ7,BORA,BORA | Q6PGQ7,GFP3,NA,Missing,5,83.33333333333333
Q6PGQ7,BORA,BORA | Q6PGQ7,RDH1,NA,Missing,5,83.33333333333333
Q6PGQ7,BORA,BORA | Q6PGQ7,RDH2,NA,Missing,5,83.33333333333333
Q6PGQ7,BORA,BORA | Q6PGQ7,RDH3,NA,Missing,5,83.33333333333333
Q6ZMT4,KDM7A,KDM7A | Q6ZMT4,GFP1,17657.0703125,Detected,3,50
Q6ZMT4,KDM7A,KDM7A | Q6ZMT4,GFP2,0,Missing,3,50
Q6ZMT4,KDM7A,KDM7A | Q6ZMT4,GFP3,9953.869140625,Detected,3,50
Q6ZMT4,KDM7A,KDM7A | Q6ZMT4,RDH1,20604.962890625,Detected,3,50
Q6ZMT4,KDM7A,KDM7A | Q6ZMT4,RDH2,NA,Missing,3,50
Q6ZMT4,KDM7A,KDM7A | Q6ZMT4,RDH3,NA,Missing,3,50
Q6ZT07,TBC1D9,TBC1D9 | Q6ZT07,GFP1,22961.763671875,Detected,4,66.66666666666667
Q6ZT07,TBC1D9,TBC1D9 | Q6ZT07,GFP2,0,Missing,4,66.66666666666667
Q6ZT07,TBC1D9,TBC1D9 | Q6ZT07,GFP3,25321.80078125,Detected,4,66.66666666666667
Q6ZT07,TBC1D9,TBC1D9 | Q6ZT07,RDH1,0,Missing,4,66.66666666666667
Q6ZT07,TBC1D9,TBC1D9 | Q6ZT07,RDH2,0,Missing,4,66.66666666666667
Q6ZT07,TBC1D9,TBC1D9 | Q6ZT07,RDH3,NA,Missing,4,66.66666666666667
Q6ZWL3,CYP4V2,CYP4V2 | Q6ZWL3,GFP1,NA,Missing,5,83.33333333333333
Q6ZWL3,CYP4V2,CYP4V2 | Q6ZWL3,GFP2,NA,Missing,5,83.33333333333333
Q6ZWL3,CYP4V2,CYP4V2 | Q6ZWL3,GFP3,NA,Missing,5,83.33333333333333
Q6ZWL3,CYP4V2,CYP4V2 | Q6ZWL3,RDH1,22796.44921875,Detected,5,83.33333333333333
Q6ZWL3,CYP4V2,CYP4V2 | Q6ZWL3,RDH2,NA,Missing,5,83.33333333333333
Q6ZWL3,CYP4V2,CYP4V2 | Q6ZWL3,RDH3,NA,Missing,5,83.33333333333333
Q70JA7,CHSY3,CHSY3 | Q70JA7,GFP1,NA,Missing,5,83.33333333333333
Q70JA7,CHSY3,CHSY3 | Q70JA7,GFP2,NA,Missing,5,83.33333333333333
Q70JA7,CHSY3,CHSY3 | Q70JA7,GFP3,NA,Missing,5,83.33333333333333
Q70JA7,CHSY3,CHSY3 | Q70JA7,RDH1,4549.26904296875,Detected,5,83.33333333333333
Q70JA7,CHSY3,CHSY3 | Q70JA7,RDH2,NA,Missing,5,83.33333333333333
Q70JA7,CHSY3,CHSY3 | Q70JA7,RDH3,NA,Missing,5,83.33333333333333
Q7L211,ABHD13,ABHD13 | Q7L211,GFP1,7166.359375,Detected,3,50
Q7L211,ABHD13,ABHD13 | Q7L211,GFP2,NA,Missing,3,50
Q7L211,ABHD13,ABHD13 | Q7L211,GFP3,1076.1549072265625,Detected,3,50
Q7L211,ABHD13,ABHD13 | Q7L211,RDH1,6648.1015625,Detected,3,50
Q7L211,ABHD13,ABHD13 | Q7L211,RDH2,NA,Missing,3,50
Q7L211,ABHD13,ABHD13 | Q7L211,RDH3,NA,Missing,3,50
Q7Z6R9,TFAP2D,TFAP2D | Q7Z6R9,GFP1,NA,Missing,4,66.66666666666667
Q7Z6R9,TFAP2D,TFAP2D | Q7Z6R9,GFP2,NA,Missing,4,66.66666666666667
Q7Z6R9,TFAP2D,TFAP2D | Q7Z6R9,GFP3,68779.4296875,Detected,4,66.66666666666667
Q7Z6R9,TFAP2D,TFAP2D | Q7Z6R9,RDH1,188154.578125,Detected,4,66.66666666666667
Q7Z6R9,TFAP2D,TFAP2D | Q7Z6R9,RDH2,NA,Missing,4,66.66666666666667
Q7Z6R9,TFAP2D,TFAP2D | Q7Z6R9,RDH3,NA,Missing,4,66.66666666666667
Q86TW2,ADCK1,ADCK1 | Q86TW2,GFP1,40892.87890625,Detected,2,33.333333333333336
Q86TW2,ADCK1,ADCK1 | Q86TW2,GFP2,15740.263671875,Detected,2,33.333333333333336
Q86TW2,ADCK1,ADCK1 | Q86TW2,GFP3,7829.72900390625,Detected,2,33.333333333333336
Q86TW2,ADCK1,ADCK1 | Q86TW2,RDH1,31204.65234375,Detected,2,33.333333333333336
Q86TW2,ADCK1,ADCK1 | Q86TW2,RDH2,NA,Missing,2,33.333333333333336
Q86TW2,ADCK1,ADCK1 | Q86TW2,RDH3,NA,Missing,2,33.333333333333336
Q86UN3,RTN4RL2,RTN4RL2 | Q86UN3,GFP1,17983.01171875,Detected,3,50
Q86UN3,RTN4RL2,RTN4RL2 | Q86UN3,GFP2,NA,Missing,3,50
Q86UN3,RTN4RL2,RTN4RL2 | Q86UN3,GFP3,NA,Missing,3,50
Q86UN3,RTN4RL2,RTN4RL2 | Q86UN3,RDH1,66942.28125,Detected,3,50
Q86UN3,RTN4RL2,RTN4RL2 | Q86UN3,RDH2,11637.666015625,Detected,3,50
Q86UN3,RTN4RL2,RTN4RL2 | Q86UN3,RDH3,NA,Missing,3,50
Q86UU0,BCL9L,BCL9L | Q86UU0,GFP1,NA,Missing,6,100
Q86UU0,BCL9L,BCL9L | Q86UU0,GFP2,0,Missing,6,100
Q86UU0,BCL9L,BCL9L | Q86UU0,GFP3,0,Missing,6,100
Q86UU0,BCL9L,BCL9L | Q86UU0,RDH1,NA,Missing,6,100
Q86UU0,BCL9L,BCL9L | Q86UU0,RDH2,NA,Missing,6,100
Q86UU0,BCL9L,BCL9L | Q86UU0,RDH3,NA,Missing,6,100
Q86V87,FHIP2B,FHIP2B | Q86V87,GFP1,16468.9765625,Detected,3,50
Q86V87,FHIP2B,FHIP2B | Q86V87,GFP2,NA,Missing,3,50
Q86V87,FHIP2B,FHIP2B | Q86V87,GFP3,NA,Missing,3,50
Q86V87,FHIP2B,FHIP2B | Q86V87,RDH1,24848.705078125,Detected,3,50
Q86V87,FHIP2B,FHIP2B | Q86V87,RDH2,26433.208984375,Detected,3,50
Q86V87,FHIP2B,FHIP2B | Q86V87,RDH3,NA,Missing,3,50
Q86VK4,ZNF410,ZNF410 | Q86VK4,GFP1,NA,Missing,4,66.66666666666667
Q86VK4,ZNF410,ZNF410 | Q86VK4,GFP2,NA,Missing,4,66.66666666666667
Q86VK4,ZNF410,ZNF410 | Q86VK4,GFP3,3819.04052734375,Detected,4,66.66666666666667
Q86VK4,ZNF410,ZNF410 | Q86VK4,RDH1,NA,Missing,4,66.66666666666667
Q86VK4,ZNF410,ZNF410 | Q86VK4,RDH2,1598.3668212890625,Detected,4,66.66666666666667
Q86VK4,ZNF410,ZNF410 | Q86VK4,RDH3,NA,Missing,4,66.66666666666667
Q86W47,KCNMB4,KCNMB4 | Q86W47,GFP1,NA,Missing,4,66.66666666666667
Q86W47,KCNMB4,KCNMB4 | Q86W47,GFP2,NA,Missing,4,66.66666666666667
Q86W47,KCNMB4,KCNMB4 | Q86W47,GFP3,NA,Missing,4,66.66666666666667
Q86W47,KCNMB4,KCNMB4 | Q86W47,RDH1,7198.96875,Detected,4,66.66666666666667
Q86W47,KCNMB4,KCNMB4 | Q86W47,RDH2,NA,Missing,4,66.66666666666667
Q86W47,KCNMB4,KCNMB4 | Q86W47,RDH3,2026.2757568359375,Detected,4,66.66666666666667
Q8IWY8,ZSCAN29,ZSCAN29 | Q8IWY8,GFP1,6435.26025390625,Detected,3,50
Q8IWY8,ZSCAN29,ZSCAN29 | Q8IWY8,GFP2,NA,Missing,3,50
Q8IWY8,ZSCAN29,ZSCAN29 | Q8IWY8,GFP3,1823.12646484375,Detected,3,50
Q8IWY8,ZSCAN29,ZSCAN29 | Q8IWY8,RDH1,16462.390625,Detected,3,50
Q8IWY8,ZSCAN29,ZSCAN29 | Q8IWY8,RDH2,NA,Missing,3,50
Q8IWY8,ZSCAN29,ZSCAN29 | Q8IWY8,RDH3,NA,Missing,3,50
Q8IZN3,ZDHHC14,ZDHHC14 | Q8IZN3,GFP1,9645.384765625,Detected,3,50
Q8IZN3,ZDHHC14,ZDHHC14 | Q8IZN3,GFP2,NA,Missing,3,50
Q8IZN3,ZDHHC14,ZDHHC14 | Q8IZN3,GFP3,5142.66943359375,Detected,3,50
Q8IZN3,ZDHHC14,ZDHHC14 | Q8IZN3,RDH1,10200.4541015625,Detected,3,50
Q8IZN3,ZDHHC14,ZDHHC14 | Q8IZN3,RDH2,NA,Missing,3,50
Q8IZN3,ZDHHC14,ZDHHC14 | Q8IZN3,RDH3,NA,Missing,3,50
Q8N1Q1,CA13,CA13 | Q8N1Q1,GFP1,0,Missing,3,50
Q8N1Q1,CA13,CA13 | Q8N1Q1,GFP2,14208.130859375,Detected,3,50
Q8N1Q1,CA13,CA13 | Q8N1Q1,GFP3,18793.53515625,Detected,3,50
Q8N1Q1,CA13,CA13 | Q8N1Q1,RDH1,15837.7685546875,Detected,3,50
Q8N1Q1,CA13,CA13 | Q8N1Q1,RDH2,NA,Missing,3,50
Q8N1Q1,CA13,CA13 | Q8N1Q1,RDH3,NA,Missing,3,50
Q8N1W1,ARHGEF28,ARHGEF28 | Q8N1W1,GFP1,6176.296875,Detected,2,33.333333333333336
Q8N1W1,ARHGEF28,ARHGEF28 | Q8N1W1,GFP2,3902.1025390625,Detected,2,33.333333333333336
Q8N1W1,ARHGEF28,ARHGEF28 | Q8N1W1,GFP3,6596.4501953125,Detected,2,33.333333333333336
Q8N1W1,ARHGEF28,ARHGEF28 | Q8N1W1,RDH1,NA,Missing,2,33.333333333333336
Q8N1W1,ARHGEF28,ARHGEF28 | Q8N1W1,RDH2,NA,Missing,2,33.333333333333336
Q8N1W1,ARHGEF28,ARHGEF28 | Q8N1W1,RDH3,3714.711669921875,Detected,2,33.333333333333336
Q8N2A8,PLD6,PLD6 | Q8N2A8,GFP1,4471.0126953125,Detected,3,50
Q8N2A8,PLD6,PLD6 | Q8N2A8,GFP2,NA,Missing,3,50
Q8N2A8,PLD6,PLD6 | Q8N2A8,GFP3,911.13812255859375,Detected,3,50
Q8N2A8,PLD6,PLD6 | Q8N2A8,RDH1,10419.9775390625,Detected,3,50
Q8N2A8,PLD6,PLD6 | Q8N2A8,RDH2,NA,Missing,3,50
Q8N2A8,PLD6,PLD6 | Q8N2A8,RDH3,NA,Missing,3,50
Q8N3J9,ZNF664,ZNF664 | Q8N3J9,GFP1,24978.60546875,Detected,3,50
Q8N3J9,ZNF664,ZNF664 | Q8N3J9,GFP2,NA,Missing,3,50
Q8N3J9,ZNF664,ZNF664 | Q8N3J9,GFP3,NA,Missing,3,50
Q8N3J9,ZNF664,ZNF664 | Q8N3J9,RDH1,27126.873046875,Detected,3,50
Q8N3J9,ZNF664,ZNF664 | Q8N3J9,RDH2,NA,Missing,3,50
Q8N3J9,ZNF664,ZNF664 | Q8N3J9,RDH3,16885.302734375,Detected,3,50
Q8N7B9,EFCAB3,EFCAB3 | Q8N7B9,GFP1,NA,Missing,5,83.33333333333333
Q8N7B9,EFCAB3,EFCAB3 | Q8N7B9,GFP2,NA,Missing,5,83.33333333333333
Q8N7B9,EFCAB3,EFCAB3 | Q8N7B9,GFP3,NA,Missing,5,83.33333333333333
Q8N7B9,EFCAB3,EFCAB3 | Q8N7B9,RDH1,NA,Missing,5,83.33333333333333
Q8N7B9,EFCAB3,EFCAB3 | Q8N7B9,RDH2,NA,Missing,5,83.33333333333333
Q8N7B9,EFCAB3,EFCAB3 | Q8N7B9,RDH3,72786.5625,Detected,5,83.33333333333333
Q8N8Q8,COX18,COX18 | Q8N8Q8,GFP1,14867.734375,Detected,2,33.333333333333336
Q8N8Q8,COX18,COX18 | Q8N8Q8,GFP2,NA,Missing,2,33.333333333333336
Q8N8Q8,COX18,COX18 | Q8N8Q8,GFP3,7012.44482421875,Detected,2,33.333333333333336
Q8N8Q8,COX18,COX18 | Q8N8Q8,RDH1,26255.486328125,Detected,2,33.333333333333336
Q8N8Q8,COX18,COX18 | Q8N8Q8,RDH2,8399.3427734375,Detected,2,33.333333333333336
Q8N8Q8,COX18,COX18 | Q8N8Q8,RDH3,NA,Missing,2,33.333333333333336
Q8N8Z6,DCBLD1,DCBLD1 | Q8N8Z6,GFP1,55401.80859375,Detected,4,66.66666666666667
Q8N8Z6,DCBLD1,DCBLD1 | Q8N8Z6,GFP2,NA,Missing,4,66.66666666666667
Q8N8Z6,DCBLD1,DCBLD1 | Q8N8Z6,GFP3,NA,Missing,4,66.66666666666667
Q8N8Z6,DCBLD1,DCBLD1 | Q8N8Z6,RDH1,38200.4453125,Detected,4,66.66666666666667
Q8N8Z6,DCBLD1,DCBLD1 | Q8N8Z6,RDH2,NA,Missing,4,66.66666666666667
Q8N8Z6,DCBLD1,DCBLD1 | Q8N8Z6,RDH3,NA,Missing,4,66.66666666666667
Q8NCB2,CAMKV,CAMKV | Q8NCB2,GFP1,0,Missing,2,33.333333333333336
Q8NCB2,CAMKV,CAMKV | Q8NCB2,GFP2,NA,Missing,2,33.333333333333336
Q8NCB2,CAMKV,CAMKV | Q8NCB2,GFP3,9336.9453125,Detected,2,33.333333333333336
Q8NCB2,CAMKV,CAMKV | Q8NCB2,RDH1,39030.28515625,Detected,2,33.333333333333336
Q8NCB2,CAMKV,CAMKV | Q8NCB2,RDH2,9464.4111328125,Detected,2,33.333333333333336
Q8NCB2,CAMKV,CAMKV | Q8NCB2,RDH3,11818.115234375,Detected,2,33.333333333333336
Q8NDV1,ST6GALNAC3,ST6GALNAC3 | Q8NDV1,GFP1,7015.01318359375,Detected,3,50
Q8NDV1,ST6GALNAC3,ST6GALNAC3 | Q8NDV1,GFP2,4224.08740234375,Detected,3,50
Q8NDV1,ST6GALNAC3,ST6GALNAC3 | Q8NDV1,GFP3,5846.57373046875,Detected,3,50
Q8NDV1,ST6GALNAC3,ST6GALNAC3 | Q8NDV1,RDH1,NA,Missing,3,50
Q8NDV1,ST6GALNAC3,ST6GALNAC3 | Q8NDV1,RDH2,NA,Missing,3,50
Q8NDV1,ST6GALNAC3,ST6GALNAC3 | Q8NDV1,RDH3,NA,Missing,3,50
Q8NE22,SETD9,SETD9 | Q8NE22,GFP1,15382.9716796875,Detected,4,66.66666666666667
Q8NE22,SETD9,SETD9 | Q8NE22,GFP2,NA,Missing,4,66.66666666666667
Q8NE22,SETD9,SETD9 | Q8NE22,GFP3,3631.2421875,Detected,4,66.66666666666667
Q8NE22,SETD9,SETD9 | Q8NE22,RDH1,NA,Missing,4,66.66666666666667
Q8NE22,SETD9,SETD9 | Q8NE22,RDH2,NA,Missing,4,66.66666666666667
Q8NE22,SETD9,SETD9 | Q8NE22,RDH3,NA,Missing,4,66.66666666666667
Q8NF99,ZNF397,ZNF397 | Q8NF99,GFP1,33185.98828125,Detected,3,50
Q8NF99,ZNF397,ZNF397 | Q8NF99,GFP2,17221.654296875,Detected,3,50
Q8NF99,ZNF397,ZNF397 | Q8NF99,GFP3,NA,Missing,3,50
Q8NF99,ZNF397,ZNF397 | Q8NF99,RDH1,65315.1875,Detected,3,50
Q8NF99,ZNF397,ZNF397 | Q8NF99,RDH2,NA,Missing,3,50
Q8NF99,ZNF397,ZNF397 | Q8NF99,RDH3,NA,Missing,3,50
Q8NHQ1,CEP70,CEP70 | Q8NHQ1,GFP1,4799.8779296875,Detected,4,66.66666666666667
Q8NHQ1,CEP70,CEP70 | Q8NHQ1,GFP2,NA,Missing,4,66.66666666666667
Q8NHQ1,CEP70,CEP70 | Q8NHQ1,GFP3,NA,Missing,4,66.66666666666667
Q8NHQ1,CEP70,CEP70 | Q8NHQ1,RDH1,5369.36474609375,Detected,4,66.66666666666667
Q8NHQ1,CEP70,CEP70 | Q8NHQ1,RDH2,NA,Missing,4,66.66666666666667
Q8NHQ1,CEP70,CEP70 | Q8NHQ1,RDH3,NA,Missing,4,66.66666666666667
Q8NHX9,TPCN2,TPCN2 | Q8NHX9,GFP1,2978.839599609375,Detected,4,66.66666666666667
Q8NHX9,TPCN2,TPCN2 | Q8NHX9,GFP2,NA,Missing,4,66.66666666666667
Q8NHX9,TPCN2,TPCN2 | Q8NHX9,GFP3,NA,Missing,4,66.66666666666667
Q8NHX9,TPCN2,TPCN2 | Q8NHX9,RDH1,5170.029296875,Detected,4,66.66666666666667
Q8NHX9,TPCN2,TPCN2 | Q8NHX9,RDH2,NA,Missing,4,66.66666666666667
Q8NHX9,TPCN2,TPCN2 | Q8NHX9,RDH3,NA,Missing,4,66.66666666666667
Q8TAC1,RFESD,RFESD | Q8TAC1,GFP1,NA,Missing,3,50
Q8TAC1,RFESD,RFESD | Q8TAC1,GFP2,NA,Missing,3,50
Q8TAC1,RFESD,RFESD | Q8TAC1,GFP3,1430.9501953125,Detected,3,50
Q8TAC1,RFESD,RFESD | Q8TAC1,RDH1,NA,Missing,3,50
Q8TAC1,RFESD,RFESD | Q8TAC1,RDH2,3859.33154296875,Detected,3,50
Q8TAC1,RFESD,RFESD | Q8TAC1,RDH3,1640.7498779296875,Detected,3,50
Q8TAK5,GABPB2,GABPB2 | Q8TAK5,GFP1,2490.3701171875,Detected,3,50
Q8TAK5,GABPB2,GABPB2 | Q8TAK5,GFP2,2551.98193359375,Detected,3,50
Q8TAK5,GABPB2,GABPB2 | Q8TAK5,GFP3,6065.14501953125,Detected,3,50
Q8TAK5,GABPB2,GABPB2 | Q8TAK5,RDH1,NA,Missing,3,50
Q8TAK5,GABPB2,GABPB2 | Q8TAK5,RDH2,NA,Missing,3,50
Q8TAK5,GABPB2,GABPB2 | Q8TAK5,RDH3,NA,Missing,3,50
Q8TBP0,TBC1D16,TBC1D16 | Q8TBP0,GFP1,NA,Missing,5,83.33333333333333
Q8TBP0,TBC1D16,TBC1D16 | Q8TBP0,GFP2,NA,Missing,5,83.33333333333333
Q8TBP0,TBC1D16,TBC1D16 | Q8TBP0,GFP3,70156.4296875,Detected,5,83.33333333333333
Q8TBP0,TBC1D16,TBC1D16 | Q8TBP0,RDH1,NA,Missing,5,83.33333333333333
Q8TBP0,TBC1D16,TBC1D16 | Q8TBP0,RDH2,NA,Missing,5,83.33333333333333
Q8TBP0,TBC1D16,TBC1D16 | Q8TBP0,RDH3,NA,Missing,5,83.33333333333333
Q8TD08,MAPK15,MAPK15 | Q8TD08,GFP1,71502.5234375,Detected,3,50
Q8TD08,MAPK15,MAPK15 | Q8TD08,GFP2,55837.79296875,Detected,3,50
Q8TD08,MAPK15,MAPK15 | Q8TD08,GFP3,NA,Missing,3,50
Q8TD08,MAPK15,MAPK15 | Q8TD08,RDH1,NA,Missing,3,50
Q8TD08,MAPK15,MAPK15 | Q8TD08,RDH2,NA,Missing,3,50
Q8TD08,MAPK15,MAPK15 | Q8TD08,RDH3,66106.640625,Detected,3,50
Q8TDW7,FAT3,FAT3 | Q8TDW7,GFP1,148758.640625,Detected,2,33.333333333333336
Q8TDW7,FAT3,FAT3 | Q8TDW7,GFP2,51513.828125,Detected,2,33.333333333333336
Q8TDW7,FAT3,FAT3 | Q8TDW7,GFP3,38450.3828125,Detected,2,33.333333333333336
Q8TDW7,FAT3,FAT3 | Q8TDW7,RDH1,111231.109375,Detected,2,33.333333333333336
Q8TDW7,FAT3,FAT3 | Q8TDW7,RDH2,NA,Missing,2,33.333333333333336
Q8TDW7,FAT3,FAT3 | Q8TDW7,RDH3,NA,Missing,2,33.333333333333336
Q8TDY8,IGDCC4,IGDCC4 | Q8TDY8,GFP1,11529.6484375,Detected,4,66.66666666666667
Q8TDY8,IGDCC4,IGDCC4 | Q8TDY8,GFP2,NA,Missing,4,66.66666666666667
Q8TDY8,IGDCC4,IGDCC4 | Q8TDY8,GFP3,NA,Missing,4,66.66666666666667
Q8TDY8,IGDCC4,IGDCC4 | Q8TDY8,RDH1,9024.4453125,Detected,4,66.66666666666667
Q8TDY8,IGDCC4,IGDCC4 | Q8TDY8,RDH2,NA,Missing,4,66.66666666666667
Q8TDY8,IGDCC4,IGDCC4 | Q8TDY8,RDH3,NA,Missing,4,66.66666666666667
Q8TEQ0,SNX29,SNX29 | Q8TEQ0,GFP1,NA,Missing,5,83.33333333333333
Q8TEQ0,SNX29,SNX29 | Q8TEQ0,GFP2,NA,Missing,5,83.33333333333333
Q8TEQ0,SNX29,SNX29 | Q8TEQ0,GFP3,NA,Missing,5,83.33333333333333
Q8TEQ0,SNX29,SNX29 | Q8TEQ0,RDH1,22664.453125,Detected,5,83.33333333333333
Q8TEQ0,SNX29,SNX29 | Q8TEQ0,RDH2,NA,Missing,5,83.33333333333333
Q8TEQ0,SNX29,SNX29 | Q8TEQ0,RDH3,NA,Missing,5,83.33333333333333
Q8TF65,GIPC2,GIPC2 | Q8TF65,GFP1,NA,Missing,5,83.33333333333333
Q8TF65,GIPC2,GIPC2 | Q8TF65,GFP2,NA,Missing,5,83.33333333333333
Q8TF65,GIPC2,GIPC2 | Q8TF65,GFP3,NA,Missing,5,83.33333333333333
Q8TF65,GIPC2,GIPC2 | Q8TF65,RDH1,NA,Missing,5,83.33333333333333
Q8TF65,GIPC2,GIPC2 | Q8TF65,RDH2,154133.4375,Detected,5,83.33333333333333
Q8TF65,GIPC2,GIPC2 | Q8TF65,RDH3,NA,Missing,5,83.33333333333333
Q8WUJ1,CYB5D2,CYB5D2 | Q8WUJ1,GFP1,7581.41015625,Detected,4,66.66666666666667
Q8WUJ1,CYB5D2,CYB5D2 | Q8WUJ1,GFP2,NA,Missing,4,66.66666666666667
Q8WUJ1,CYB5D2,CYB5D2 | Q8WUJ1,GFP3,NA,Missing,4,66.66666666666667
Q8WUJ1,CYB5D2,CYB5D2 | Q8WUJ1,RDH1,12279.376953125,Detected,4,66.66666666666667
Q8WUJ1,CYB5D2,CYB5D2 | Q8WUJ1,RDH2,NA,Missing,4,66.66666666666667
Q8WUJ1,CYB5D2,CYB5D2 | Q8WUJ1,RDH3,NA,Missing,4,66.66666666666667
Q8WUP2,FBLIM1,FBLIM1 | Q8WUP2,GFP1,6124.4287109375,Detected,2,33.333333333333336
Q8WUP2,FBLIM1,FBLIM1 | Q8WUP2,GFP2,6784.20654296875,Detected,2,33.333333333333336
Q8WUP2,FBLIM1,FBLIM1 | Q8WUP2,GFP3,6275.90478515625,Detected,2,33.333333333333336
Q8WUP2,FBLIM1,FBLIM1 | Q8WUP2,RDH1,NA,Missing,2,33.333333333333336
Q8WUP2,FBLIM1,FBLIM1 | Q8WUP2,RDH2,14482.259765625,Detected,2,33.333333333333336
Q8WUP2,FBLIM1,FBLIM1 | Q8WUP2,RDH3,NA,Missing,2,33.333333333333336
Q8WWZ7,ABCA5,ABCA5 | Q8WWZ7,GFP1,33109.55859375,Detected,2,33.333333333333336
Q8WWZ7,ABCA5,ABCA5 | Q8WWZ7,GFP2,15135.791015625,Detected,2,33.333333333333336
Q8WWZ7,ABCA5,ABCA5 | Q8WWZ7,GFP3,10364.7900390625,Detected,2,33.333333333333336
Q8WWZ7,ABCA5,ABCA5 | Q8WWZ7,RDH1,26082.986328125,Detected,2,33.333333333333336
Q8WWZ7,ABCA5,ABCA5 | Q8WWZ7,RDH2,NA,Missing,2,33.333333333333336
Q8WWZ7,ABCA5,ABCA5 | Q8WWZ7,RDH3,NA,Missing,2,33.333333333333336
Q92567,FAM168A,FAM168A | Q92567,GFP1,NA,Missing,2,33.333333333333336
Q92567,FAM168A,FAM168A | Q92567,GFP2,30209.33984375,Detected,2,33.333333333333336
Q92567,FAM168A,FAM168A | Q92567,GFP3,37813.33203125,Detected,2,33.333333333333336
Q92567,FAM168A,FAM168A | Q92567,RDH1,NA,Missing,2,33.333333333333336
Q92567,FAM168A,FAM168A | Q92567,RDH2,26324.166015625,Detected,2,33.333333333333336
Q92567,FAM168A,FAM168A | Q92567,RDH3,23003.375,Detected,2,33.333333333333336
Q92628,KIAA0232,KIAA0232 | Q92628,GFP1,NA,Missing,5,83.33333333333333
Q92628,KIAA0232,KIAA0232 | Q92628,GFP2,NA,Missing,5,83.33333333333333
Q92628,KIAA0232,KIAA0232 | Q92628,GFP3,7141.31005859375,Detected,5,83.33333333333333
Q92628,KIAA0232,KIAA0232 | Q92628,RDH1,NA,Missing,5,83.33333333333333
Q92628,KIAA0232,KIAA0232 | Q92628,RDH2,0,Missing,5,83.33333333333333
Q92628,KIAA0232,KIAA0232 | Q92628,RDH3,0,Missing,5,83.33333333333333
Q969L2,MAL2,MAL2 | Q969L2,GFP1,4825.060546875,Detected,5,83.33333333333333
Q969L2,MAL2,MAL2 | Q969L2,GFP2,NA,Missing,5,83.33333333333333
Q969L2,MAL2,MAL2 | Q969L2,GFP3,NA,Missing,5,83.33333333333333
Q969L2,MAL2,MAL2 | Q969L2,RDH1,NA,Missing,5,83.33333333333333
Q969L2,MAL2,MAL2 | Q969L2,RDH2,NA,Missing,5,83.33333333333333
Q969L2,MAL2,MAL2 | Q969L2,RDH3,NA,Missing,5,83.33333333333333
Q96BY9,SARAF,SARAF | Q96BY9,GFP1,NA,Missing,4,66.66666666666667
Q96BY9,SARAF,SARAF | Q96BY9,GFP2,NA,Missing,4,66.66666666666667
Q96BY9,SARAF,SARAF | Q96BY9,GFP3,785.92828369140625,Detected,4,66.66666666666667
Q96BY9,SARAF,SARAF | Q96BY9,RDH1,7324.47412109375,Detected,4,66.66666666666667
Q96BY9,SARAF,SARAF | Q96BY9,RDH2,NA,Missing,4,66.66666666666667
Q96BY9,SARAF,SARAF | Q96BY9,RDH3,NA,Missing,4,66.66666666666667
Q96GS6,ABHD17A,ABHD17A | Q96GS6,GFP1,18150.72265625,Detected,3,50
Q96GS6,ABHD17A,ABHD17A | Q96GS6,GFP2,NA,Missing,3,50
Q96GS6,ABHD17A,ABHD17A | Q96GS6,GFP3,NA,Missing,3,50
Q96GS6,ABHD17A,ABHD17A | Q96GS6,RDH1,17329.359375,Detected,3,50
Q96GS6,ABHD17A,ABHD17A | Q96GS6,RDH2,NA,Missing,3,50
Q96GS6,ABHD17A,ABHD17A | Q96GS6,RDH3,10749.2333984375,Detected,3,50
Q96HD1,CRELD1,CRELD1 | Q96HD1,GFP1,55184.24609375,Detected,2,33.333333333333336
Q96HD1,CRELD1,CRELD1 | Q96HD1,GFP2,25104.1015625,Detected,2,33.333333333333336
Q96HD1,CRELD1,CRELD1 | Q96HD1,GFP3,27039.283203125,Detected,2,33.333333333333336
Q96HD1,CRELD1,CRELD1 | Q96HD1,RDH1,NA,Missing,2,33.333333333333336
Q96HD1,CRELD1,CRELD1 | Q96HD1,RDH2,27553.224609375,Detected,2,33.333333333333336
Q96HD1,CRELD1,CRELD1 | Q96HD1,RDH3,NA,Missing,2,33.333333333333336
Q96IC2,REXO5,REXO5 | Q96IC2,GFP1,NA,Missing,3,50
Q96IC2,REXO5,REXO5 | Q96IC2,GFP2,NA,Missing,3,50
Q96IC2,REXO5,REXO5 | Q96IC2,GFP3,20287.26171875,Detected,3,50
Q96IC2,REXO5,REXO5 | Q96IC2,RDH1,19880.064453125,Detected,3,50
Q96IC2,REXO5,REXO5 | Q96IC2,RDH2,NA,Missing,3,50
Q96IC2,REXO5,REXO5 | Q96IC2,RDH3,16368.3193359375,Detected,3,50
Q96JD6,AKR1E2,AKR1E2 | Q96JD6,GFP1,NA,Missing,3,50
Q96JD6,AKR1E2,AKR1E2 | Q96JD6,GFP2,246285.03125,Detected,3,50
Q96JD6,AKR1E2,AKR1E2 | Q96JD6,GFP3,NA,Missing,3,50
Q96JD6,AKR1E2,AKR1E2 | Q96JD6,RDH1,172360.171875,Detected,3,50
Q96JD6,AKR1E2,AKR1E2 | Q96JD6,RDH2,246726.5,Detected,3,50
Q96JD6,AKR1E2,AKR1E2 | Q96JD6,RDH3,NA,Missing,3,50
Q96K12,FAR2,FAR2 | Q96K12,GFP1,NA,Missing,4,66.66666666666667
Q96K12,FAR2,FAR2 | Q96K12,GFP2,NA,Missing,4,66.66666666666667
Q96K12,FAR2,FAR2 | Q96K12,GFP3,20374.701171875,Detected,4,66.66666666666667
Q96K12,FAR2,FAR2 | Q96K12,RDH1,100883.09375,Detected,4,66.66666666666667
Q96K12,FAR2,FAR2 | Q96K12,RDH2,NA,Missing,4,66.66666666666667
Q96K12,FAR2,FAR2 | Q96K12,RDH3,NA,Missing,4,66.66666666666667
Q96LX8,ZNF597,ZNF597 | Q96LX8,GFP1,NA,Missing,4,66.66666666666667
Q96LX8,ZNF597,ZNF597 | Q96LX8,GFP2,NA,Missing,4,66.66666666666667
Q96LX8,ZNF597,ZNF597 | Q96LX8,GFP3,48210.44140625,Detected,4,66.66666666666667
Q96LX8,ZNF597,ZNF597 | Q96LX8,RDH1,131089.203125,Detected,4,66.66666666666667
Q96LX8,ZNF597,ZNF597 | Q96LX8,RDH2,NA,Missing,4,66.66666666666667
Q96LX8,ZNF597,ZNF597 | Q96LX8,RDH3,NA,Missing,4,66.66666666666667
Q96MM6,HSPA12B,HSPA12B | Q96MM6,GFP1,NA,Missing,3,50
Q96MM6,HSPA12B,HSPA12B | Q96MM6,GFP2,67605.5,Detected,3,50
Q96MM6,HSPA12B,HSPA12B | Q96MM6,GFP3,NA,Missing,3,50
Q96MM6,HSPA12B,HSPA12B | Q96MM6,RDH1,NA,Missing,3,50
Q96MM6,HSPA12B,HSPA12B | Q96MM6,RDH2,74032.78125,Detected,3,50
Q96MM6,HSPA12B,HSPA12B | Q96MM6,RDH3,61642.21875,Detected,3,50
Q96NJ6,ZFP3,ZFP3 | Q96NJ6,GFP1,27016.859375,Detected,3,50
Q96NJ6,ZFP3,ZFP3 | Q96NJ6,GFP2,5054.0966796875,Detected,3,50
Q96NJ6,ZFP3,ZFP3 | Q96NJ6,GFP3,NA,Missing,3,50
Q96NJ6,ZFP3,ZFP3 | Q96NJ6,RDH1,NA,Missing,3,50
Q96NJ6,ZFP3,ZFP3 | Q96NJ6,RDH2,NA,Missing,3,50
Q96NJ6,ZFP3,ZFP3 | Q96NJ6,RDH3,7888.4580078125,Detected,3,50
Q96NR8,RDH12,RDH12 | Q96NR8,GFP1,NA,Missing,3,50
Q96NR8,RDH12,RDH12 | Q96NR8,GFP2,NA,Missing,3,50
Q96NR8,RDH12,RDH12 | Q96NR8,GFP3,NA,Missing,3,50
Q96NR8,RDH12,RDH12 | Q96NR8,RDH1,15086274,Detected,3,50
Q96NR8,RDH12,RDH12 | Q96NR8,RDH2,5304426,Detected,3,50
Q96NR8,RDH12,RDH12 | Q96NR8,RDH3,5816548.5,Detected,3,50
Q99418,CYTH2,CYTH2 | Q99418,GFP1,NA,Missing,2,33.333333333333336
Q99418,CYTH2,CYTH2 | Q99418,GFP2,14691.06640625,Detected,2,33.333333333333336
Q99418,CYTH2,CYTH2 | Q99418,GFP3,16252.0234375,Detected,2,33.333333333333336
Q99418,CYTH2,CYTH2 | Q99418,RDH1,NA,Missing,2,33.333333333333336
Q99418,CYTH2,CYTH2 | Q99418,RDH2,15204.759765625,Detected,2,33.333333333333336
Q99418,CYTH2,CYTH2 | Q99418,RDH3,17670.78515625,Detected,2,33.333333333333336
Q9BQE9,BCL7B,BCL7B | Q9BQE9,GFP1,12627.154296875,Detected,2,33.333333333333336
Q9BQE9,BCL7B,BCL7B | Q9BQE9,GFP2,4461.7578125,Detected,2,33.333333333333336
Q9BQE9,BCL7B,BCL7B | Q9BQE9,GFP3,4010.794189453125,Detected,2,33.333333333333336
Q9BQE9,BCL7B,BCL7B | Q9BQE9,RDH1,10641.341796875,Detected,2,33.333333333333336
Q9BQE9,BCL7B,BCL7B | Q9BQE9,RDH2,NA,Missing,2,33.333333333333336
Q9BQE9,BCL7B,BCL7B | Q9BQE9,RDH3,NA,Missing,2,33.333333333333336
Q9BRB3,PIGQ,PIGQ | Q9BRB3,GFP1,14275.5087890625,Detected,3,50
Q9BRB3,PIGQ,PIGQ | Q9BRB3,GFP2,5195.296875,Detected,3,50
Q9BRB3,PIGQ,PIGQ | Q9BRB3,GFP3,NA,Missing,3,50
Q9BRB3,PIGQ,PIGQ | Q9BRB3,RDH1,31906.5703125,Detected,3,50
Q9BRB3,PIGQ,PIGQ | Q9BRB3,RDH2,NA,Missing,3,50
Q9BRB3,PIGQ,PIGQ | Q9BRB3,RDH3,NA,Missing,3,50
Q9BYF1,ACE2,ACE2 | Q9BYF1,GFP1,74436.1171875,Detected,2,33.333333333333336
Q9BYF1,ACE2,ACE2 | Q9BYF1,GFP2,46895.3203125,Detected,2,33.333333333333336
Q9BYF1,ACE2,ACE2 | Q9BYF1,GFP3,128270.9296875,Detected,2,33.333333333333336
Q9BYF1,ACE2,ACE2 | Q9BYF1,RDH1,221027.140625,Detected,2,33.333333333333336
Q9BYF1,ACE2,ACE2 | Q9BYF1,RDH2,0,Missing,2,33.333333333333336
Q9BYF1,ACE2,ACE2 | Q9BYF1,RDH3,NA,Missing,2,33.333333333333336
Q9BYV9,BACH2,BACH2 | Q9BYV9,GFP1,14536.806640625,Detected,2,33.333333333333336
Q9BYV9,BACH2,BACH2 | Q9BYV9,GFP2,4843.33203125,Detected,2,33.333333333333336
Q9BYV9,BACH2,BACH2 | Q9BYV9,GFP3,4406.04541015625,Detected,2,33.333333333333336
Q9BYV9,BACH2,BACH2 | Q9BYV9,RDH1,5847.34375,Detected,2,33.333333333333336
Q9BYV9,BACH2,BACH2 | Q9BYV9,RDH2,NA,Missing,2,33.333333333333336
Q9BYV9,BACH2,BACH2 | Q9BYV9,RDH3,NA,Missing,2,33.333333333333336
Q9BZM4,ULBP3,ULBP3 | Q9BZM4,GFP1,62468.58984375,Detected,3,50
Q9BZM4,ULBP3,ULBP3 | Q9BZM4,GFP2,NA,Missing,3,50
Q9BZM4,ULBP3,ULBP3 | Q9BZM4,GFP3,6619.20751953125,Detected,3,50
Q9BZM4,ULBP3,ULBP3 | Q9BZM4,RDH1,58471.25,Detected,3,50
Q9BZM4,ULBP3,ULBP3 | Q9BZM4,RDH2,NA,Missing,3,50
Q9BZM4,ULBP3,ULBP3 | Q9BZM4,RDH3,NA,Missing,3,50
Q9C0H5,ARHGAP39,ARHGAP39 | Q9C0H5,GFP1,NA,Missing,5,83.33333333333333
Q9C0H5,ARHGAP39,ARHGAP39 | Q9C0H5,GFP2,NA,Missing,5,83.33333333333333
Q9C0H5,ARHGAP39,ARHGAP39 | Q9C0H5,GFP3,NA,Missing,5,83.33333333333333
Q9C0H5,ARHGAP39,ARHGAP39 | Q9C0H5,RDH1,NA,Missing,5,83.33333333333333
Q9C0H5,ARHGAP39,ARHGAP39 | Q9C0H5,RDH2,5361.8359375,Detected,5,83.33333333333333
Q9C0H5,ARHGAP39,ARHGAP39 | Q9C0H5,RDH3,NA,Missing,5,83.33333333333333
Q9GZN2,TGIF2,TGIF2 | Q9GZN2,GFP1,NA,Missing,4,66.66666666666667
Q9GZN2,TGIF2,TGIF2 | Q9GZN2,GFP2,NA,Missing,4,66.66666666666667
Q9GZN2,TGIF2,TGIF2 | Q9GZN2,GFP3,7821.98974609375,Detected,4,66.66666666666667
Q9GZN2,TGIF2,TGIF2 | Q9GZN2,RDH1,19354.646484375,Detected,4,66.66666666666667
Q9GZN2,TGIF2,TGIF2 | Q9GZN2,RDH2,NA,Missing,4,66.66666666666667
Q9GZN2,TGIF2,TGIF2 | Q9GZN2,RDH3,0,Missing,4,66.66666666666667
Q9H0C5,BTBD1,BTBD1 | Q9H0C5,GFP1,NA,Missing,4,66.66666666666667
Q9H0C5,BTBD1,BTBD1 | Q9H0C5,GFP2,61312.55859375,Detected,4,66.66666666666667
Q9H0C5,BTBD1,BTBD1 | Q9H0C5,GFP3,NA,Missing,4,66.66666666666667
Q9H0C5,BTBD1,BTBD1 | Q9H0C5,RDH1,NA,Missing,4,66.66666666666667
Q9H0C5,BTBD1,BTBD1 | Q9H0C5,RDH2,76247.6171875,Detected,4,66.66666666666667
Q9H0C5,BTBD1,BTBD1 | Q9H0C5,RDH3,NA,Missing,4,66.66666666666667
Q9H201,EPN3,EPN3 | Q9H201,GFP1,NA,Missing,4,66.66666666666667
Q9H201,EPN3,EPN3 | Q9H201,GFP2,NA,Missing,4,66.66666666666667
Q9H201,EPN3,EPN3 | Q9H201,GFP3,NA,Missing,4,66.66666666666667
Q9H201,EPN3,EPN3 | Q9H201,RDH1,83830.6015625,Detected,4,66.66666666666667
Q9H201,EPN3,EPN3 | Q9H201,RDH2,NA,Missing,4,66.66666666666667
Q9H201,EPN3,EPN3 | Q9H201,RDH3,102016.03125,Detected,4,66.66666666666667
Q9H2Z4,NKX2-4,NKX2-4 | Q9H2Z4,GFP1,42511.28515625,Detected,4,66.66666666666667
Q9H2Z4,NKX2-4,NKX2-4 | Q9H2Z4,GFP2,NA,Missing,4,66.66666666666667
Q9H2Z4,NKX2-4,NKX2-4 | Q9H2Z4,GFP3,NA,Missing,4,66.66666666666667
Q9H2Z4,NKX2-4,NKX2-4 | Q9H2Z4,RDH1,24921.138671875,Detected,4,66.66666666666667
Q9H2Z4,NKX2-4,NKX2-4 | Q9H2Z4,RDH2,NA,Missing,4,66.66666666666667
Q9H2Z4,NKX2-4,NKX2-4 | Q9H2Z4,RDH3,NA,Missing,4,66.66666666666667
Q9H4E7,DEF6,DEF6 | Q9H4E7,GFP1,48591.9375,Detected,2,33.333333333333336
Q9H4E7,DEF6,DEF6 | Q9H4E7,GFP2,NA,Missing,2,33.333333333333336
Q9H4E7,DEF6,DEF6 | Q9H4E7,GFP3,14875.5,Detected,2,33.333333333333336
Q9H4E7,DEF6,DEF6 | Q9H4E7,RDH1,70702.59375,Detected,2,33.333333333333336
Q9H4E7,DEF6,DEF6 | Q9H4E7,RDH2,15369.7392578125,Detected,2,33.333333333333336
Q9H4E7,DEF6,DEF6 | Q9H4E7,RDH3,NA,Missing,2,33.333333333333336
Q9H7F0,ATP13A3,ATP13A3 | Q9H7F0,GFP1,5885.25390625,Detected,3,50
Q9H7F0,ATP13A3,ATP13A3 | Q9H7F0,GFP2,3205.670654296875,Detected,3,50
Q9H7F0,ATP13A3,ATP13A3 | Q9H7F0,GFP3,0,Missing,3,50
Q9H7F0,ATP13A3,ATP13A3 | Q9H7F0,RDH1,8253.8642578125,Detected,3,50
Q9H7F0,ATP13A3,ATP13A3 | Q9H7F0,RDH2,NA,Missing,3,50
Q9H7F0,ATP13A3,ATP13A3 | Q9H7F0,RDH3,NA,Missing,3,50
Q9H7F4,TMEM185B,TMEM185B | Q9H7F4,GFP1,NA,Missing,3,50
Q9H7F4,TMEM185B,TMEM185B | Q9H7F4,GFP2,NA,Missing,3,50
Q9H7F4,TMEM185B,TMEM185B | Q9H7F4,GFP3,8473.9140625,Detected,3,50
Q9H7F4,TMEM185B,TMEM185B | Q9H7F4,RDH1,15744.38671875,Detected,3,50
Q9H7F4,TMEM185B,TMEM185B | Q9H7F4,RDH2,NA,Missing,3,50
Q9H7F4,TMEM185B,TMEM185B | Q9H7F4,RDH3,11129.4755859375,Detected,3,50
Q9H816,DCLRE1B,DCLRE1B | Q9H816,GFP1,271154.46875,Detected,3,50
Q9H816,DCLRE1B,DCLRE1B | Q9H816,GFP2,NA,Missing,3,50
Q9H816,DCLRE1B,DCLRE1B | Q9H816,GFP3,209243.515625,Detected,3,50
Q9H816,DCLRE1B,DCLRE1B | Q9H816,RDH1,419595.0625,Detected,3,50
Q9H816,DCLRE1B,DCLRE1B | Q9H816,RDH2,NA,Missing,3,50
Q9H816,DCLRE1B,DCLRE1B | Q9H816,RDH3,0,Missing,3,50
Q9H8J5,MANSC1,MANSC1 | Q9H8J5,GFP1,143371.359375,Detected,3,50
Q9H8J5,MANSC1,MANSC1 | Q9H8J5,GFP2,NA,Missing,3,50
Q9H8J5,MANSC1,MANSC1 | Q9H8J5,GFP3,131706.734375,Detected,3,50
Q9H8J5,MANSC1,MANSC1 | Q9H8J5,RDH1,NA,Missing,3,50
Q9H8J5,MANSC1,MANSC1 | Q9H8J5,RDH2,153781.265625,Detected,3,50
Q9H8J5,MANSC1,MANSC1 | Q9H8J5,RDH3,NA,Missing,3,50
Q9HCI6,KIAA1586,KIAA1586 | Q9HCI6,GFP1,22117.439453125,Detected,4,66.66666666666667
Q9HCI6,KIAA1586,KIAA1586 | Q9HCI6,GFP2,NA,Missing,4,66.66666666666667
Q9HCI6,KIAA1586,KIAA1586 | Q9HCI6,GFP3,NA,Missing,4,66.66666666666667
Q9HCI6,KIAA1586,KIAA1586 | Q9HCI6,RDH1,NA,Missing,4,66.66666666666667
Q9HCI6,KIAA1586,KIAA1586 | Q9HCI6,RDH2,NA,Missing,4,66.66666666666667
Q9HCI6,KIAA1586,KIAA1586 | Q9HCI6,RDH3,12898.130859375,Detected,4,66.66666666666667
Q9HCM9,TRIM39,TRIM39 | Q9HCM9,GFP1,19623.123046875,Detected,3,50
Q9HCM9,TRIM39,TRIM39 | Q9HCM9,GFP2,NA,Missing,3,50
Q9HCM9,TRIM39,TRIM39 | Q9HCM9,GFP3,8605.33203125,Detected,3,50
Q9HCM9,TRIM39,TRIM39 | Q9HCM9,RDH1,21244.7578125,Detected,3,50
Q9HCM9,TRIM39,TRIM39 | Q9HCM9,RDH2,NA,Missing,3,50
Q9HCM9,TRIM39,TRIM39 | Q9HCM9,RDH3,NA,Missing,3,50
Q9NQC1,JADE2,JADE2 | Q9NQC1,GFP1,NA,Missing,3,50
Q9NQC1,JADE2,JADE2 | Q9NQC1,GFP2,NA,Missing,3,50
Q9NQC1,JADE2,JADE2 | Q9NQC1,GFP3,NA,Missing,3,50
Q9NQC1,JADE2,JADE2 | Q9NQC1,RDH1,8766.0888671875,Detected,3,50
Q9NQC1,JADE2,JADE2 | Q9NQC1,RDH2,3465.890869140625,Detected,3,50
Q9NQC1,JADE2,JADE2 | Q9NQC1,RDH3,3937.9638671875,Detected,3,50
Q9NQG1,MANBAL,MANBAL | Q9NQG1,GFP1,9569.1015625,Detected,3,50
Q9NQG1,MANBAL,MANBAL | Q9NQG1,GFP2,NA,Missing,3,50
Q9NQG1,MANBAL,MANBAL | Q9NQG1,GFP3,5443.74755859375,Detected,3,50
Q9NQG1,MANBAL,MANBAL | Q9NQG1,RDH1,13973.6708984375,Detected,3,50
Q9NQG1,MANBAL,MANBAL | Q9NQG1,RDH2,NA,Missing,3,50
Q9NQG1,MANBAL,MANBAL | Q9NQG1,RDH3,NA,Missing,3,50
Q9NRU3,CNNM1,CNNM1 | Q9NRU3,GFP1,7176.16650390625,Detected,2,33.333333333333336
Q9NRU3,CNNM1,CNNM1 | Q9NRU3,GFP2,4407.78369140625,Detected,2,33.333333333333336
Q9NRU3,CNNM1,CNNM1 | Q9NRU3,GFP3,2458.8408203125,Detected,2,33.333333333333336
Q9NRU3,CNNM1,CNNM1 | Q9NRU3,RDH1,7448.3447265625,Detected,2,33.333333333333336
Q9NRU3,CNNM1,CNNM1 | Q9NRU3,RDH2,NA,Missing,2,33.333333333333336
Q9NRU3,CNNM1,CNNM1 | Q9NRU3,RDH3,NA,Missing,2,33.333333333333336
Q9NSA3,CTNNBIP1,CTNNBIP1 | Q9NSA3,GFP1,18358.873046875,Detected,2,33.333333333333336
Q9NSA3,CTNNBIP1,CTNNBIP1 | Q9NSA3,GFP2,11787.1259765625,Detected,2,33.333333333333336
Q9NSA3,CTNNBIP1,CTNNBIP1 | Q9NSA3,GFP3,11739.33984375,Detected,2,33.333333333333336
Q9NSA3,CTNNBIP1,CTNNBIP1 | Q9NSA3,RDH1,NA,Missing,2,33.333333333333336
Q9NSA3,CTNNBIP1,CTNNBIP1 | Q9NSA3,RDH2,NA,Missing,2,33.333333333333336
Q9NSA3,CTNNBIP1,CTNNBIP1 | Q9NSA3,RDH3,13724.1748046875,Detected,2,33.333333333333336
Q9NWW7,C2orf42,C2orf42 | Q9NWW7,GFP1,15685.9921875,Detected,3,50
Q9NWW7,C2orf42,C2orf42 | Q9NWW7,GFP2,0,Missing,3,50
Q9NWW7,C2orf42,C2orf42 | Q9NWW7,GFP3,7388.13916015625,Detected,3,50
Q9NWW7,C2orf42,C2orf42 | Q9NWW7,RDH1,10858.6708984375,Detected,3,50
Q9NWW7,C2orf42,C2orf42 | Q9NWW7,RDH2,0,Missing,3,50
Q9NWW7,C2orf42,C2orf42 | Q9NWW7,RDH3,NA,Missing,3,50
Q9NXG0,CNTLN,CNTLN | Q9NXG0,GFP1,NA,Missing,3,50
Q9NXG0,CNTLN,CNTLN | Q9NXG0,GFP2,NA,Missing,3,50
Q9NXG0,CNTLN,CNTLN | Q9NXG0,GFP3,32090.544921875,Detected,3,50
Q9NXG0,CNTLN,CNTLN | Q9NXG0,RDH1,47625.82421875,Detected,3,50
Q9NXG0,CNTLN,CNTLN | Q9NXG0,RDH2,21054.908203125,Detected,3,50
Q9NXG0,CNTLN,CNTLN | Q9NXG0,RDH3,NA,Missing,3,50
Q9NYF3,FAM53C,FAM53C | Q9NYF3,GFP1,9971.5625,Detected,3,50
Q9NYF3,FAM53C,FAM53C | Q9NYF3,GFP2,7282.9697265625,Detected,3,50
Q9NYF3,FAM53C,FAM53C | Q9NYF3,GFP3,0,Missing,3,50
Q9NYF3,FAM53C,FAM53C | Q9NYF3,RDH1,NA,Missing,3,50
Q9NYF3,FAM53C,FAM53C | Q9NYF3,RDH2,11261.267578125,Detected,3,50
Q9NYF3,FAM53C,FAM53C | Q9NYF3,RDH3,NA,Missing,3,50
Q9NZ53,PODXL2,PODXL2 | Q9NZ53,GFP1,NA,Missing,3,50
Q9NZ53,PODXL2,PODXL2 | Q9NZ53,GFP2,NA,Missing,3,50
Q9NZ53,PODXL2,PODXL2 | Q9NZ53,GFP3,2871.847900390625,Detected,3,50
Q9NZ53,PODXL2,PODXL2 | Q9NZ53,RDH1,NA,Missing,3,50
Q9NZ53,PODXL2,PODXL2 | Q9NZ53,RDH2,3736.495361328125,Detected,3,50
Q9NZ53,PODXL2,PODXL2 | Q9NZ53,RDH3,1623.826416015625,Detected,3,50
Q9NZS9,BFAR,BFAR | Q9NZS9,GFP1,5735.568359375,Detected,3,50
Q9NZS9,BFAR,BFAR | Q9NZS9,GFP2,NA,Missing,3,50
Q9NZS9,BFAR,BFAR | Q9NZS9,GFP3,NA,Missing,3,50
Q9NZS9,BFAR,BFAR | Q9NZS9,RDH1,7672.259765625,Detected,3,50
Q9NZS9,BFAR,BFAR | Q9NZS9,RDH2,3529.8974609375,Detected,3,50
Q9NZS9,BFAR,BFAR | Q9NZS9,RDH3,NA,Missing,3,50
Q9P003,CNIH4,CNIH4 | Q9P003,GFP1,18445.447265625,Detected,2,33.333333333333336
Q9P003,CNIH4,CNIH4 | Q9P003,GFP2,5031.3525390625,Detected,2,33.333333333333336
Q9P003,CNIH4,CNIH4 | Q9P003,GFP3,8446.5751953125,Detected,2,33.333333333333336
Q9P003,CNIH4,CNIH4 | Q9P003,RDH1,19038.041015625,Detected,2,33.333333333333336
Q9P003,CNIH4,CNIH4 | Q9P003,RDH2,NA,Missing,2,33.333333333333336
Q9P003,CNIH4,CNIH4 | Q9P003,RDH3,NA,Missing,2,33.333333333333336
Q9P107,GMIP,GMIP | Q9P107,GFP1,79752.078125,Detected,3,50
Q9P107,GMIP,GMIP | Q9P107,GFP2,NA,Missing,3,50
Q9P107,GMIP,GMIP | Q9P107,GFP3,37257.78125,Detected,3,50
Q9P107,GMIP,GMIP | Q9P107,RDH1,NA,Missing,3,50
Q9P107,GMIP,GMIP | Q9P107,RDH2,NA,Missing,3,50
Q9P107,GMIP,GMIP | Q9P107,RDH3,23226.3359375,Detected,3,50
Q9UDV7,ZNF282,ZNF282 | Q9UDV7,GFP1,15632.412109375,Detected,3,50
Q9UDV7,ZNF282,ZNF282 | Q9UDV7,GFP2,NA,Missing,3,50
Q9UDV7,ZNF282,ZNF282 | Q9UDV7,GFP3,5469.84765625,Detected,3,50
Q9UDV7,ZNF282,ZNF282 | Q9UDV7,RDH1,9017.083984375,Detected,3,50
Q9UDV7,ZNF282,ZNF282 | Q9UDV7,RDH2,NA,Missing,3,50
Q9UDV7,ZNF282,ZNF282 | Q9UDV7,RDH3,NA,Missing,3,50
Q9UGK3,STAP2,STAP2 | Q9UGK3,GFP1,47989.625,Detected,4,66.66666666666667
Q9UGK3,STAP2,STAP2 | Q9UGK3,GFP2,NA,Missing,4,66.66666666666667
Q9UGK3,STAP2,STAP2 | Q9UGK3,GFP3,NA,Missing,4,66.66666666666667
Q9UGK3,STAP2,STAP2 | Q9UGK3,RDH1,NA,Missing,4,66.66666666666667
Q9UGK3,STAP2,STAP2 | Q9UGK3,RDH2,NA,Missing,4,66.66666666666667
Q9UGK3,STAP2,STAP2 | Q9UGK3,RDH3,28571.478515625,Detected,4,66.66666666666667
Q9UHA2,SS18L2,SS18L2 | Q9UHA2,GFP1,9952.1572265625,Detected,4,66.66666666666667
Q9UHA2,SS18L2,SS18L2 | Q9UHA2,GFP2,NA,Missing,4,66.66666666666667
Q9UHA2,SS18L2,SS18L2 | Q9UHA2,GFP3,NA,Missing,4,66.66666666666667
Q9UHA2,SS18L2,SS18L2 | Q9UHA2,RDH1,20762.505859375,Detected,4,66.66666666666667
Q9UHA2,SS18L2,SS18L2 | Q9UHA2,RDH2,NA,Missing,4,66.66666666666667
Q9UHA2,SS18L2,SS18L2 | Q9UHA2,RDH3,NA,Missing,4,66.66666666666667
Q9UJA2,CRLS1,CRLS1 | Q9UJA2,GFP1,3562.418701171875,Detected,3,50
Q9UJA2,CRLS1,CRLS1 | Q9UJA2,GFP2,2343.244384765625,Detected,3,50
Q9UJA2,CRLS1,CRLS1 | Q9UJA2,GFP3,NA,Missing,3,50
Q9UJA2,CRLS1,CRLS1 | Q9UJA2,RDH1,9151.8291015625,Detected,3,50
Q9UJA2,CRLS1,CRLS1 | Q9UJA2,RDH2,NA,Missing,3,50
Q9UJA2,CRLS1,CRLS1 | Q9UJA2,RDH3,NA,Missing,3,50
Q9UK53,ING1,ING1 | Q9UK53,GFP1,13189.5703125,Detected,3,50
Q9UK53,ING1,ING1 | Q9UK53,GFP2,NA,Missing,3,50
Q9UK53,ING1,ING1 | Q9UK53,GFP3,6454.2177734375,Detected,3,50
Q9UK53,ING1,ING1 | Q9UK53,RDH1,12583.22265625,Detected,3,50
Q9UK53,ING1,ING1 | Q9UK53,RDH2,NA,Missing,3,50
Q9UK53,ING1,ING1 | Q9UK53,RDH3,NA,Missing,3,50
Q9ULK0,GRID1,GRID1 | Q9ULK0,GFP1,127725.2265625,Detected,3,50
Q9ULK0,GRID1,GRID1 | Q9ULK0,GFP2,0,Missing,3,50
Q9ULK0,GRID1,GRID1 | Q9ULK0,GFP3,31363.943359375,Detected,3,50
Q9ULK0,GRID1,GRID1 | Q9ULK0,RDH1,86979.5546875,Detected,3,50
Q9ULK0,GRID1,GRID1 | Q9ULK0,RDH2,NA,Missing,3,50
Q9ULK0,GRID1,GRID1 | Q9ULK0,RDH3,NA,Missing,3,50
Q9UPV9,TRAK1,TRAK1 | Q9UPV9,GFP1,NA,Missing,3,50
Q9UPV9,TRAK1,TRAK1 | Q9UPV9,GFP2,NA,Missing,3,50
Q9UPV9,TRAK1,TRAK1 | Q9UPV9,GFP3,59475.25,Detected,3,50
Q9UPV9,TRAK1,TRAK1 | Q9UPV9,RDH1,78232.2734375,Detected,3,50
Q9UPV9,TRAK1,TRAK1 | Q9UPV9,RDH2,69027.921875,Detected,3,50
Q9UPV9,TRAK1,TRAK1 | Q9UPV9,RDH3,NA,Missing,3,50
Q9Y5K1,SPO11,SPO11 | Q9Y5K1,GFP1,NA,Missing,5,83.33333333333333
Q9Y5K1,SPO11,SPO11 | Q9Y5K1,GFP2,NA,Missing,5,83.33333333333333
Q9Y5K1,SPO11,SPO11 | Q9Y5K1,GFP3,NA,Missing,5,83.33333333333333
Q9Y5K1,SPO11,SPO11 | Q9Y5K1,RDH1,45479.65234375,Detected,5,83.33333333333333
Q9Y5K1,SPO11,SPO11 | Q9Y5K1,RDH2,NA,Missing,5,83.33333333333333
Q9Y5K1,SPO11,SPO11 | Q9Y5K1,RDH3,NA,Missing,5,83.33333333333333
Q9Y5Y9,SCN10A,SCN10A | Q9Y5Y9,GFP1,13734.302734375,Detected,5,83.33333333333333
Q9Y5Y9,SCN10A,SCN10A | Q9Y5Y9,GFP2,NA,Missing,5,83.33333333333333
Q9Y5Y9,SCN10A,SCN10A | Q9Y5Y9,GFP3,NA,Missing,5,83.33333333333333
Q9Y5Y9,SCN10A,SCN10A | Q9Y5Y9,RDH1,NA,Missing,5,83.33333333333333
Q9Y5Y9,SCN10A,SCN10A | Q9Y5Y9,RDH2,NA,Missing,5,83.33333333333333
Q9Y5Y9,SCN10A,SCN10A | Q9Y5Y9,RDH3,NA,Missing,5,83.33333333333333
Q9Y600,CSAD,CSAD | Q9Y600,GFP1,5339.009765625,Detected,2,33.333333333333336
Q9Y600,CSAD,CSAD | Q9Y600,GFP2,NA,Missing,2,33.333333333333336
Q9Y600,CSAD,CSAD | Q9Y600,GFP3,4993.10107421875,Detected,2,33.333333333333336
Q9Y600,CSAD,CSAD | Q9Y600,RDH1,6058.89501953125,Detected,2,33.333333333333336
Q9Y600,CSAD,CSAD | Q9Y600,RDH2,NA,Missing,2,33.333333333333336
Q9Y600,CSAD,CSAD | Q9Y600,RDH3,6202.6650390625,Detected,2,33.333333333333336
Q9Y646,CPQ,CPQ | Q9Y646,GFP1,15815.72265625,Detected,2,33.333333333333336
Q9Y646,CPQ,CPQ | Q9Y646,GFP2,NA,Missing,2,33.333333333333336
Q9Y646,CPQ,CPQ | Q9Y646,GFP3,9870.1376953125,Detected,2,33.333333333333336
Q9Y646,CPQ,CPQ | Q9Y646,RDH1,6582.2060546875,Detected,2,33.333333333333336
Q9Y646,CPQ,CPQ | Q9Y646,RDH2,5136.80322265625,Detected,2,33.333333333333336
Q9Y646,CPQ,CPQ | Q9Y646,RDH3,NA,Missing,2,33.333333333333336
