_MEMBER_MyList,_LogP_MyList,GO,_PATTERN_,_RANK_,GiniIndex,Category,CategoryID,Description,PARENT_GO,LogP,Enrichment,Z-score,#TotalGeneInLibrary,#GeneInGO,#GeneInHitList,#GeneInGOAndHitList,%InGO,STDV %InGO,GeneID,Hits,Log(q-value),EvidenceCutoff
1,-11,C0014772,M1,1,0,DisGeNET,35,Red Blood Cell Count measurement,,-11,2.7,8,30230,717,896,57,6.4,0.82,605|665|705|1489|1611|2122|4286|4299|6239|6387|6522|6764|7059|7145|7227|7942|8766|9107|9811|10723|11346|22864|22983|23112|23368|27086|29911|51070|51599|54806|55553|55589|56181|56478|57337|57479|57619|57690|79058|81558|83546|83860|83986|84444|84969|85302|90355|91289|129685|147339|152485|192668|252983|254102|284058|388588|400916,BCL7A|BNIP3L|BYSL|CTF1|DAP|MECOM|MITF|AFF1|RREB1|CXCL12|SLC4A2|DENND2B|THBS3|TNS1|TRPS1|TFEB|RAB11A|MTMR6|CTIF|SLC12A7|SYNPO|R3HDM2|MAST1|TNRC6B|PPP1R13B|FOXP1|HOOK2|NOSIP|LSR|AHI1|SOX6|BMP2K|MTFR1L|EIF4ENIF1|SENP7|PRR12|SHROOM3|TNRC6C|ASPSCR1|FAM117A|RTBDN|TAF3|FAM234A|DOT1L|TOX2|FBF1|MACIR|LMF2|TAF8|ARK2N|ZNF827|CYS1|STXBP4|EHBP1L1|KANSL1|SMIM1|CHCHD10,-7,0
1,-7.7,C0021704,M1,1,0,DisGeNET,35,Intelligence,,-7.7,2.5,6.5,30230,645,896,47,5.2,0.74,320|575|665|862|1307|1946|2044|2104|3697|4299|4900|6047|6787|6925|6942|8766|8861|9745|10010|22927|22983|22986|22997|27086|29855|29911|50485|54820|54901|56987|57512|57591|58493|64084|64129|64375|79884|84441|84444|84901|89796|113263|114800|140733|200186|284058|285672,APBA1|ADGRB1|BNIP3L|RUNX1T1|COL16A1|EFNA5|EPHA5|ESRRG|ITIH1|AFF1|NRGN|RNF4|NEK4|TCF4|TCF20|RAB11A|LDB1|ZNF536|TANK|HABP4|MAST1|SORCS3|IGSF9B|FOXP1|UBN1|HOOK2|SMARCAL1|NDE1|CDKAL1|BBX|GPR158|MRTFA|INIP|CLSTN2|TINAGL1|IKZF4|MAP9|MAML2|DOT1L|NFATC2IP|NAV1|GLCCI1|CCDC85A|MACROD2|CRTC2|KANSL1|SREK1IP1,-4.6,0
1,-6.6,C0206682,M1,1,0,DisGeNET,35,Follicular thyroid carcinoma,,-6.6,3.1,6.3,30230,293,896,27,3,0.57,664|858|1028|1636|2067|2158|2662|2719|3014|3082|3383|3489|4288|4854|4969|5126|6281|6387|6692|7424|7903|10631|10653|26471|51129|80774|94031,BNIP3|CAV2|CDKN1C|ACE|ERCC1|F9|GDF10|GPC3|H2AX|HGF|ICAM1|IGFBP6|MKI67|NOTCH3|OGN|PCSK2|S100A10|CXCL12|SPINT1|VEGFC|ST8SIA4|POSTN|SPINT2|NUPR1|ANGPTL4|LIMD2|HTRA3,-3.8,0
1,-5.4,C0202117,M1,1,0,DisGeNET,35,Low density lipoprotein cholesterol measurement,,-5.4,2.4,5.3,30230,483,896,34,3.8,0.64,350|1636|2039|2122|3083|3383|3667|4286|4703|5125|6002|6934|6938|7200|7227|8897|9388|9530|9611|9846|10082|23051|23301|54815|54901|55553|56776|57094|57523|64599|64897|85463|94137|144108,APOH|ACE|DMTN|MECOM|HGFAC|ICAM1|IRS1|MITF|NEB|PCSK5|RGS12|TCF7L2|TCF12|TRH|TRPS1|MTMR3|LIPG|BAG4|NCOR1|GAB2|GPC6|ZHX3|EHBP1|GATAD2A|CDKAL1|SOX6|FMN2|CPA6|NYNRIN|GIGYF1|C12orf43|ZC3H12C|RP1L1|SPTY2D1,-2.8,0
1,-5.4,C4528257,M1,1,0,DisGeNET,35,Corpuscular Hemoglobin Concentration Mean,,-5.4,2.5,5.4,30230,401,896,30,3.3,0.6,705|1489|1501|3046|4299|6764|7942|8766|10723|22983|23331|29911|55815|56006|57010|57035|57649|64285|64599|83546|83986|84080|84444|84988|91289|129685|147339|254102|284058|388588,BYSL|CTF1|CTNND2|HBE1|AFF1|DENND2B|TFEB|RAB11A|SLC12A7|MAST1|TTC28|HOOK2|TSNAXIP1|SMG9|CABP4|RSRP1|PHF12|RHBDF1|GIGYF1|RTBDN|FAM234A|ENKD1|DOT1L|PPP1R16A|LMF2|TAF8|ARK2N|EHBP1L1|KANSL1|SMIM1,-2.8,0
1,-5.1,C0427460,M1,1,0,DisGeNET,35,Red cell distribution width determination,,-5.1,2.2,5,30230,593,896,38,4.2,0.67,665|2122|3046|4756|6764|8660|9139|9326|9388|10524|10723|22864|22983|23301|25959|29911|51129|51274|54806|54815|55553|55589|55596|57035|57512|57636|57724|65980|81558|83986|84079|84969|126526|147339|254102|284058|375449|388588,BNIP3L|MECOM|HBE1|NEO1|DENND2B|IRS2|CBFA2T2|ZNHIT3|LIPG|KAT5|SLC12A7|R3HDM2|MAST1|EHBP1|KANK2|HOOK2|ANGPTL4|KLF3|AHI1|GATAD2A|SOX6|BMP2K|ZCCHC8|RSRP1|GPR158|ARHGAP23|EPG5|BRD9|FAM117A|FAM234A|ANKRD27|TOX2|C19orf47|ARK2N|EHBP1L1|KANSL1|MAST4|SMIM1,-2.6,0
1,-5.1,C1304746,M1,1,0,DisGeNET,35,RDW - Red blood cell distribution width result,,-5.1,2.2,5,30230,593,896,38,4.2,0.67,665|2122|3046|4756|6764|8660|9139|9326|9388|10524|10723|22864|22983|23301|25959|29911|51129|51274|54806|54815|55553|55589|55596|57035|57512|57636|57724|65980|81558|83986|84079|84969|126526|147339|254102|284058|375449|388588,BNIP3L|MECOM|HBE1|NEO1|DENND2B|IRS2|CBFA2T2|ZNHIT3|LIPG|KAT5|SLC12A7|R3HDM2|MAST1|EHBP1|KANK2|HOOK2|ANGPTL4|KLF3|AHI1|GATAD2A|SOX6|BMP2K|ZCCHC8|RSRP1|GPR158|ARHGAP23|EPG5|BRD9|FAM117A|FAM234A|ANKRD27|TOX2|C19orf47|ARK2N|EHBP1L1|KANSL1|MAST4|SMIM1,-2.6,0
1,-5,C3896643,M1,1,0,DisGeNET,35,New Onset Diabetes After Transplant,,-5,22,9.2,30230,6,896,4,0.45,0.22,3667|6934|8660|200186,IRS1|TCF7L2|IRS2|CRTC2,-2.5,0
1,-4.8,C1314691,M1,1,0,DisGeNET,35,Age at menarche,,-4.8,2.8,5.1,30230,267,896,22,2.5,0.52,705|2044|5126|6096|6660|6925|7799|9325|9705|9846|10150|11278|23373|51720|54901|55663|60676|114800|124565|140733|252983|285672,BYSL|EPHA5|PCSK2|RORB|SOX5|TCF4|PRDM2|TRIP4|ST18|GAB2|MBNL2|KLF12|CRTC1|UIMC1|CDKAL1|ZNF446|PAPPA2|CCDC85A|SLC38A10|MACROD2|STXBP4|SREK1IP1,-2.3,0
1,-4.6,C0017654,M1,1,0,DisGeNET,35,Glomerular Filtration Rate,,-4.6,2.4,4.8,30230,399,896,28,3.1,0.58,735|868|2122|3083|4300|4703|4772|6002|6239|6660|6792|6909|7059|7092|7942|8897|9846|22864|23054|23373|27125|27297|29079|55833|57591|57619|84138|140733,C9|CBLB|MECOM|HGFAC|MLLT3|NEB|NFATC1|RGS12|RREB1|SOX5|CDKL5|TBX2|THBS3|TLL1|TFEB|MTMR3|GAB2|R3HDM2|NCOA6|CRTC1|AFF4|CRCP|MED4|UBAP2|MRTFA|SHROOM3|SLC7A6OS|MACROD2,-2.2,0
1,-4.6,C0240379,M1,1,0,DisGeNET,35,Open mouth (finding),,-4.6,4.2,5.5,30230,96,896,12,1.3,0.38,5980|6660|6925|6942|8220|9326|27086|51244|54487|54806|65062|284058,REV3L|SOX5|TCF4|TCF20|ESS2|ZNHIT3|FOXP1|CCDC174|DGCR8|AHI1|TMEM237|KANSL1,-2.2,0
1,-4.5,C0018818,M1,1,0,DisGeNET,35,Ventricular Septal Defects,,-4.5,2.3,4.7,30230,426,896,29,3.2,0.59,2719|2737|2961|3479|4772|4854|5076|5125|6091|6239|6628|6792|6909|7044|7319|7424|7737|8220|8772|9723|10082|10413|51244|54487|54539|54806|56006|136647|284058,GPC3|GLI3|GTF2E2|IGF1|NFATC1|NOTCH3|PAX2|PCSK5|ROBO1|RREB1|SNRPB|CDKL5|TBX2|LEFTY2|UBE2A|VEGFC|RNF113A|ESS2|FADD|SEMA3E|GPC6|YAP1|CCDC174|DGCR8|NDUFB11|AHI1|SMG9|MPLKIP|KANSL1,-2.1,0
1,-4.5,C0002793,M1,1,0,DisGeNET,35,Anaplasia,,-4.5,2.1,4.6,30230,538,896,34,3.8,0.64,595|607|1028|1311|1634|2158|3082|3383|3400|3479|3667|4267|4286|4288|4311|4854|5076|6660|6692|6696|6934|7270|7942|8751|8861|10220|10413|10631|25937|54507|84444|84939|283149|400566,CCND1|BCL9|CDKN1C|COMP|DCN|F9|HGF|ICAM1|ID4|IGF1|IRS1|CD99|MITF|MKI67|MME|NOTCH3|PAX2|SOX5|SPINT1|SPP1|TCF7L2|TTF1|TFEB|ADAM15|LDB1|GDF11|YAP1|POSTN|WWTR1|ADAMTSL4|DOT1L|PWWP3A|BCL9L|LIAT1,-2.1,0
1,-4.4,C1849367,M1,1,0,DisGeNET,35,Nasal bridge wide,,-4.4,2.3,4.7,30230,429,896,29,3.2,0.59,71|1501|1947|2067|2073|2719|2737|4286|4750|5116|5148|6239|6660|6925|7136|7227|8425|10082|27086|51132|51322|54539|54806|55975|56006|57670|84140|114928|768206,ACTG1|CTNND2|EFNB1|ERCC1|ERCC5|GPC3|GLI3|MITF|NEK1|PCNT|PDE6G|RREB1|SOX5|TCF4|TNNI2|TRPS1|LTBP4|GPC6|FOXP1|RLIM|WAC|NDUFB11|AHI1|KLHL7|SMG9|KIAA1549|FAM161A|GPRASP2|PRCD,-2.1,0
1,-4.3,C0040420,M1,1,0,DisGeNET,35,Tonometry,,-4.3,2.9,4.9,30230,206,896,18,2,0.47,858|2122|2147|4052|4734|5125|6925|6934|7060|7145|7802|9846|26146|56265|56977|57512|59269|136227,CAV2|MECOM|F2|LTBP1|NEDD4|PCSK5|TCF4|TCF7L2|THBS4|TNS1|DNALI1|GAB2|TRAF3IP1|CPXM1|STOX2|GPR158|HIVEP3|COL26A1,-2,0
1,-4.3,C0263530,M1,1,0,DisGeNET,35,Longitudinal split nail,,-4.3,17,7.8,30230,8,896,4,0.45,0.22,1947|2961|7737|136647,EFNB1|GTF2E2|RNF113A|MPLKIP,-2,0
1,-4.3,C0423813,M1,1,0,DisGeNET,35,Splits in nails (finding),,-4.3,17,7.8,30230,8,896,4,0.45,0.22,1947|2961|7737|136647,EFNB1|GTF2E2|RNF113A|MPLKIP,-2,0
1,-4.3,C0017606,M1,1,0,DisGeNET,35,Primary angle-closure glaucoma,,-4.3,4.3,5.3,30230,87,896,11,1.2,0.37,862|1634|2147|3082|4653|4703|6696|9705|10133|129804|646960,RUNX1T1|DCN|F2|HGF|MYOC|NEB|SPP1|ST18|OPTN|FBLN7|PRSS56,-2,0
1,-4.3,C3665593,M1,1,0,DisGeNET,35,Melanocytic nevus of skin,,-4.3,3.9,5.2,30230,103,896,12,1.3,0.38,595|1026|1163|3133|3383|4286|4288|6239|9846|10848|29108|56998,CCND1|CDKN1A|CKS1B|HLA-E|ICAM1|MITF|MKI67|RREB1|GAB2|PPP1R13L|PYCARD|CTNNBIP1,-2,0
1,-4.2,C0001948,M1,1,0,DisGeNET,35,Alcohol consumption,,-4.2,2.9,4.8,30230,210,896,18,2,0.47,350|2104|2122|3083|4299|5125|7227|8658|22864|23051|23301|51129|54984|55553|57523|57608|94137|144108,APOH|ESRRG|MECOM|HGFAC|AFF1|PCSK5|TRPS1|TNKS|R3HDM2|ZHX3|EHBP1|ANGPTL4|PINX1|SOX6|NYNRIN|JCAD|RP1L1|SPTY2D1,-1.9,0
1,-4.2,C1535926,M1,1,0,DisGeNET,35,Neurodevelopmental Disorders,,-4.2,2.1,4.4,30230,534,896,33,3.7,0.63,460|1948|1979|3383|4685|5662|6091|6096|6529|6660|6792|6925|6934|7030|8766|8926|10413|23112|27086|27245|51322|54751|54806|54820|56776|57094|57468|57479|57555|57724|59269|81565|140733,ASTN1|EFNB2|EIF4EBP2|ICAM1|NCAM2|PSD|ROBO1|RORB|SLC6A1|SOX5|CDKL5|TCF4|TCF7L2|TFE3|RAB11A|SNURF|YAP1|TNRC6B|FOXP1|AHDC1|WAC|FBLIM1|AHI1|NDE1|FMN2|CPA6|SLC12A5|PRR12|NLGN2|EPG5|HIVEP3|NDEL1|MACROD2,-1.9,0
1,-4.2,C0555198,M1,1,0,DisGeNET,35,Malignant Glioma,,-4.2,1.9,4.3,30230,724,896,41,4.6,0.7,361|575|595|664|858|1026|1028|1634|1979|2067|2147|3014|3082|3383|3479|3621|4052|4155|4288|4854|4885|5101|6091|6457|6696|6925|6934|8772|8805|9139|9547|10018|10413|11170|23368|25937|27338|29108|51129|55859|63827,AQP4|ADGRB1|CCND1|BNIP3|CAV2|CDKN1A|CDKN1C|DCN|EIF4EBP2|ERCC1|F2|H2AX|HGF|ICAM1|IGF1|ING1|LTBP1|MBP|MKI67|NOTCH3|NPTX2|PCDH9|ROBO1|SH3GL3|SPP1|TCF4|TCF7L2|FADD|TRIM24|CBFA2T2|CXCL14|BCL2L11|YAP1|FAM107A|PPP1R13B|WWTR1|UBE2S|PYCARD|ANGPTL4|BEX1|BCAN,-1.9,0
1,-4.2,C0750974,M1,1,0,DisGeNET,35,"Brain Tumor, Primary",,-4.2,3.6,5,30230,122,896,13,1.5,0.4,595|3383|5806|6696|7270|7799|8553|8805|10133|10413|24147|57670|63827,CCND1|ICAM1|PTX3|SPP1|TTF1|PRDM2|BHLHE40|TRIM24|OPTN|YAP1|FJX1|KIAA1549|BCAN,-1.9,0
1,-4.1,C1968565,M1,1,0,DisGeNET,35,Numerous pigmented freckles,,-4.1,15,7.3,30230,9,896,4,0.45,0.22,2073|2961|7737|136647,ERCC5|GTF2E2|RNF113A|MPLKIP,-1.8,0
1,-4,C0205682,M1,1,0,DisGeNET,35,Waist-Hip Ratio,,-4,2,4.3,30230,565,896,34,3.8,0.64,595|2122|3680|4211|5125|6091|6239|6777|6934|7424|9326|10018|10082|10602|23051|23112|23331|23373|25771|29855|51308|54901|56181|56987|57584|57608|60676|84444|114990|158038|162427|196513|375449|404093,CCND1|MECOM|ITGA9|MEIS1|PCSK5|ROBO1|RREB1|STAT5B|TCF7L2|VEGFC|ZNHIT3|BCL2L11|GPC6|CDC42EP3|ZHX3|TNRC6B|TTC28|CRTC1|TBC1D22A|UBN1|REEP2|CDKAL1|MTFR1L|BBX|ARHGAP21|JCAD|PAPPA2|DOT1L|VASN|LINGO2|RETREG3|DCP1B|MAST4|CUEDC1,-1.8,0
1,-4,C1578482,M1,1,0,DisGeNET,35,Valgus deformities of feet,,-4,7.8,6,30230,26,896,6,0.67,0.27,2737|6925|9325|55033|65055|284058,GLI3|TCF4|TRIP4|FKBP14|REEP1|KANSL1,-1.8,0
1,-4,C0235833,M1,1,0,DisGeNET,35,Congenital diaphragmatic hernia,,-4,2.7,4.6,30230,239,896,19,2.1,0.48,1636|1947|1948|2719|2737|3955|4288|6696|6909|6925|6934|7227|9759|11117|25978|51070|54539|64219|84294,ACE|EFNB1|EFNB2|GPC3|GLI3|LFNG|MKI67|SPP1|TBX2|TCF4|TCF7L2|TRPS1|HDAC4|EMILIN1|CHMP2B|NOSIP|NDUFB11|PJA1|UTP23,-1.8,0
1,-4,C0017605,M1,1,0,DisGeNET,35,Angle Closure Glaucoma,,-4,3.9,5,30230,94,896,11,1.2,0.37,862|1634|2147|3082|4653|4703|6696|9705|10133|129804|646960,RUNX1T1|DCN|F2|HGF|MYOC|NEB|SPP1|ST18|OPTN|FBLN7|PRSS56,-1.8,0
1,-3.9,C1857949,M1,1,0,DisGeNET,35,Prominent metopic ridge,,-3.9,6.1,5.5,30230,39,896,7,0.78,0.29,71|1028|2067|2073|4854|55975|56006,ACTG1|CDKN1C|ERCC1|ERCC5|NOTCH3|KLHL7|SMG9,-1.7,0
1,-3.8,C1261502,M1,1,0,DisGeNET,35,Finding of Mean Corpuscular Hemoglobin,,-3.8,1.9,4.1,30230,653,896,37,4.1,0.66,665|2961|3046|4299|4703|4756|6660|6787|7942|8660|8766|9857|10723|11030|11143|22983|23112|27086|29911|51274|51564|54806|54901|55553|55589|57035|57184|57337|57724|58506|81558|83986|84969|90355|147339|254102|284058,BNIP3L|GTF2E2|HBE1|AFF1|NEB|NEO1|SOX5|NEK4|TFEB|IRS2|RAB11A|CEP350|SLC12A7|RBPMS|KAT7|MAST1|TNRC6B|FOXP1|HOOK2|KLF3|HDAC7|AHI1|CDKAL1|SOX6|BMP2K|RSRP1|FAM219B|SENP7|EPG5|SCAF1|FAM117A|FAM234A|TOX2|MACIR|ARK2N|EHBP1L1|KANSL1,-1.7,0
1,-3.8,C0042580,M1,1,0,DisGeNET,35,Vesico-Ureteral Reflux,,-3.8,2.9,4.5,30230,187,896,16,1.8,0.44,1028|1636|5076|5806|6092|6239|6696|6792|7227|7319|9723|10297|27125|80254|284058|644096,CDKN1C|ACE|PAX2|PTX3|ROBO2|RREB1|SPP1|CDKL5|TRPS1|UBE2A|SEMA3E|APC2|AFF4|CEP63|KANSL1|SDHAF1,-1.7,0
1,-3.8,C0264303,M1,1,0,DisGeNET,35,Laryngomalacia,,-3.8,4.5,5.1,30230,67,896,9,1,0.33,5116|6239|8425|9723|9759|27086|27125|27245|284058,PCNT|RREB1|LTBP4|SEMA3E|HDAC4|FOXP1|AFF4|AHDC1|KANSL1,-1.7,0
1,-3.8,C0521525,M1,1,0,DisGeNET,35,Short neck,,-3.8,2.5,4.4,30230,288,896,21,2.3,0.51,71|1501|1947|2067|2073|2719|3955|4703|4854|6239|6909|6925|7136|7319|9759|10082|50485|51322|55906|83987|92482,ACTG1|CTNND2|EFNB1|ERCC1|ERCC5|GPC3|LFNG|NEB|NOTCH3|RREB1|TBX2|TCF4|TNNI2|UBE2A|HDAC4|GPC6|SMARCAL1|WAC|ZC4H2|CCDC8|BBIP1,-1.7,0
1,-3.8,C0428474,M1,1,0,DisGeNET,35,Serum LDL cholesterol measurement,,-3.8,2.5,4.3,30230,269,896,20,2.2,0.49,350|1636|2122|3383|3667|4703|6934|7200|8897|9530|9611|10082|23301|54815|54901|55553|56776|57094|57523|144108,APOH|ACE|MECOM|ICAM1|IRS1|NEB|TCF7L2|TRH|MTMR3|BAG4|NCOR1|GPC6|EHBP1|GATAD2A|CDKAL1|SOX6|FMN2|CPA6|NYNRIN|SPTY2D1,-1.6,0
1,-3.8,C0489786,M1,1,0,DisGeNET,35,Height,,-3.8,2.6,4.4,30230,249,896,19,2.1,0.48,2869|3400|3479|4052|4661|5125|5978|6457|9972|10602|23112|60676|79777|80254|84441|84444|112752|124045|144108,GRK5|ID4|IGF1|LTBP1|MYT1|PCSK5|REST|SH3GL3|NUP153|CDC42EP3|TNRC6B|PAPPA2|ACBD4|CEP63|MAML2|DOT1L|IFT43|SPATA33|SPTY2D1,-1.6,0
1,-3.7,C0030848,M1,1,0,DisGeNET,35,Peyronie Disease,,-3.7,5.8,5.3,30230,41,896,7,0.78,0.29,595|1634|3479|5806|9734|10631|51564,CCND1|DCN|IGF1|PTX3|HDAC9|POSTN|HDAC7,-1.6,0
1,-3.7,C0026010,M1,1,0,DisGeNET,35,Microphthalmos,,-3.7,2.3,4.2,30230,335,896,23,2.6,0.53,2067|2073|2737|3082|3166|4211|4286|4311|4756|4810|5076|6239|7030|7942|9723|10413|30812|54539|55553|56006|65062|79848|646960,ERCC1|ERCC5|GLI3|HGF|HMX1|MEIS1|MITF|MME|NEO1|NHS|PAX2|RREB1|TFE3|TFEB|SEMA3E|YAP1|SOX8|NDUFB11|SOX6|SMG9|TMEM237|CSPP1|PRSS56,-1.6,0
1,-3.7,C0242383,M1,1,0,DisGeNET,35,Age related macular degeneration,,-3.7,1.9,4,30230,685,896,38,4.2,0.67,629|735|822|1028|1265|1636|2147|2158|2869|2961|3383|3479|4311|5806|5978|6001|6091|6239|6387|7424|7737|9723|9734|9843|10631|25978|26146|51129|53342|54714|56890|56987|57584|63943|94137|136647|196513|768206,CFB|C9|CAPG|CDKN1C|CNN2|ACE|F2|F9|GRK5|GTF2E2|ICAM1|IGF1|MME|PTX3|REST|RGS10|ROBO1|RREB1|CXCL12|VEGFC|RNF113A|SEMA3E|HDAC9|HEPH|POSTN|CHMP2B|TRAF3IP1|ANGPTL4|IL17D|CNGB3|SAXO6|BBX|ARHGAP21|FKBPL|RP1L1|MPLKIP|DCP1B|PRCD,-1.6,0
1,-3.7,C0020534,M1,1,0,DisGeNET,35,Orbital separation excessive,,-3.7,1.9,4,30230,590,896,34,3.8,0.64,71|1501|1947|2077|2719|2737|2961|4703|4854|6239|6909|6938|7319|7737|8270|8425|9325|9723|10297|10653|23247|27086|27125|27245|51132|51322|55975|56006|57724|65062|79848|112752|136647|284058,ACTG1|CTNND2|EFNB1|ERF|GPC3|GLI3|GTF2E2|NEB|NOTCH3|RREB1|TBX2|TCF12|UBE2A|RNF113A|LAGE3|LTBP4|TRIP4|SEMA3E|APC2|SPINT2|KATNIP|FOXP1|AFF4|AHDC1|RLIM|WAC|KLHL7|SMG9|EPG5|TMEM237|CSPP1|IFT43|MPLKIP|KANSL1,-1.6,0
1,-3.7,C0175699,M1,1,0,DisGeNET,35,Saethre-Chotzen Syndrome,,-3.7,6.7,5.5,30230,30,896,6,0.67,0.27,1947|2737|6696|6938|9734|10631,EFNB1|GLI3|SPP1|TCF12|HDAC9|POSTN,-1.6,0
1,-3.6,C0022680,M1,1,0,DisGeNET,35,Polycystic Kidney Diseases,,-3.6,2.5,4.2,30230,275,896,20,2.2,0.49,629|735|1026|1454|1636|2737|3082|3479|4739|4750|4854|4885|5076|6239|6696|6777|10413|10631|25937|112752,CFB|C9|CDKN1A|CSNK1E|ACE|GLI3|HGF|IGF1|NEDD9|NEK1|NOTCH3|NPTX2|PAX2|RREB1|SPP1|STAT5B|YAP1|POSTN|WWTR1|IFT43,-1.5,0
1,-3.6,C0008479,M1,1,0,DisGeNET,35,Chondrosarcoma,,-3.6,2.2,4.1,30230,385,896,25,2.8,0.55,595|770|1026|1028|1311|1634|1946|2719|3082|3383|3479|4288|5564|6383|6387|6696|7424|7942|8496|8751|9113|10413|10631|51564|153222,CCND1|CA11|CDKN1A|CDKN1C|COMP|DCN|EFNA5|GPC3|HGF|ICAM1|IGF1|MKI67|PRKAB1|SDC2|CXCL12|SPP1|VEGFC|TFEB|PPFIBP1|ADAM15|LATS1|YAP1|POSTN|HDAC7|CREBRF,-1.5,0
1,-3.6,C0018935,M1,1,0,DisGeNET,35,Hematocrit procedure,,-3.6,3.2,4.5,30230,138,896,13,1.5,0.4,2122|3046|4286|4299|6239|6764|6934|7059|7227|51070|55596|57619|84444,MECOM|HBE1|MITF|AFF1|RREB1|DENND2B|TCF7L2|THBS3|TRPS1|NOSIP|ZCCHC8|SHROOM3|DOT1L,-1.5,0
1,-3.6,C1306503,M1,1,0,DisGeNET,35,Congenital exomphalos,,-3.6,2.6,4.3,30230,235,896,18,2,0.47,1028|1947|2719|2737|2961|3955|4854|5125|6239|6792|7737|8425|9723|9759|10082|10220|89884|136647,CDKN1C|EFNB1|GPC3|GLI3|GTF2E2|LFNG|NOTCH3|PCSK5|RREB1|CDKL5|RNF113A|LTBP4|SEMA3E|HDAC4|GPC6|GDF11|LHX4|MPLKIP,-1.5,0
1,-3.6,C0344511,M1,1,0,DisGeNET,35,Atresia of nasolacrimal duct,,-3.6,20,7.5,30230,5,896,3,0.33,0.19,3321|7227|54539,IGSF3|TRPS1|NDUFB11,-1.5,0
1,-3.6,C1333065,M1,1,0,DisGeNET,35,Lung Clear Cell Tumor,,-3.6,20,7.5,30230,5,896,3,0.33,0.19,4286|7030|7942,MITF|TFE3|TFEB,-1.5,0
1,-3.6,C4225202,M1,1,0,DisGeNET,35,LAMB-SHAFFER SYNDROME,,-3.6,20,7.5,30230,5,896,3,0.33,0.19,6660|30812|55553,SOX5|SOX8|SOX6,-1.5,0
1,-3.5,C0424711,M1,1,0,DisGeNET,35,Orbital separation diminished,,-3.5,3.8,4.6,30230,89,896,10,1.1,0.35,2619|2961|7737|8270|51132|51199|54820|57724|112752|136647,GAS1|GTF2E2|RNF113A|LAGE3|RLIM|NIN|NDE1|EPG5|IFT43|MPLKIP,-1.4,0
1,-3.5,C1968564,M1,1,0,DisGeNET,35,Defective DNA repair after ultraviolet radiation damage,,-3.5,11,6.2,30230,12,896,4,0.45,0.22,2073|2961|7737|136647,ERCC5|GTF2E2|RNF113A|MPLKIP,-1.4,0
1,-3.5,C2718092,M1,1,0,DisGeNET,35,Acrospiroma,,-3.5,11,6.2,30230,12,896,4,0.45,0.22,4311|23373|64784|84441,MME|CRTC1|CRTC3|MAML2,-1.4,0
1,-3.5,C0242852,M1,1,0,DisGeNET,35,Proliferative vitreoretinopathy,,-3.5,3.1,4.4,30230,142,896,13,1.5,0.4,595|1026|1634|1636|2147|3082|3489|5806|6091|6387|10413|10631|84260,CCND1|CDKN1A|DCN|ACE|F2|HGF|IGFBP6|PTX3|ROBO1|CXCL12|YAP1|POSTN|TCHP,-1.4,0
1,-3.5,C0432072,M1,1,0,DisGeNET,35,Dysmorphic features,,-3.5,2.1,4,30230,439,896,27,3,0.57,71|1028|2077|3479|4703|4810|5116|6529|6660|6792|6925|6942|7227|7319|7703|9289|22983|25792|27086|51322|55553|55906|57479|57555|80254|91461|284058,ACTG1|CDKN1C|ERF|IGF1|NEB|NHS|PCNT|SLC6A1|SOX5|CDKL5|TCF4|TCF20|TRPS1|UBE2A|PCGF2|ADGRG1|MAST1|CIZ1|FOXP1|WAC|SOX6|ZC4H2|PRR12|NLGN2|CEP63|PKDCC|KANSL1,-1.4,0
1,-3.5,C1301937,M1,1,0,DisGeNET,35,Talipes,,-3.5,4.1,4.7,30230,74,896,9,1,0.33,2067|2073|2737|4703|7136|7227|9723|55975|79848,ERCC1|ERCC5|GLI3|NEB|TNNI2|TRPS1|SEMA3E|KLHL7|CSPP1,-1.4,0
1,-3.5,C1335177,M1,1,0,DisGeNET,35,Ovarian Serous Adenocarcinoma,,-3.5,3.1,4.3,30230,143,896,13,1.5,0.4,2044|4216|4854|5076|6482|6792|6909|8805|10413|22983|23331|79004|348980,EPHA5|MAP3K4|NOTCH3|PAX2|ST3GAL1|CDKL5|TBX2|TRIM24|YAP1|MAST1|TTC28|CUEDC2|HCN1,-1.4,0
1,-3.5,C0010278,M1,1,0,DisGeNET,35,Craniosynostosis,,-3.5,2,3.9,30230,488,896,29,3.2,0.59,595|1475|1947|2077|2719|2737|2869|2961|3014|3082|3479|3667|4810|5116|6696|6938|7227|7737|9607|10082|10252|10297|10631|27245|55553|64129|112752|113263|136647,CCND1|CSTA|EFNB1|ERF|GPC3|GLI3|GRK5|GTF2E2|H2AX|HGF|IGF1|IRS1|NHS|PCNT|SPP1|TCF12|TRPS1|RNF113A|CARTPT|GPC6|SPRY1|APC2|POSTN|AHDC1|SOX6|TINAGL1|IFT43|GLCCI1|MPLKIP,-1.4,0
1,-3.5,C0424605,M1,1,0,DisGeNET,35,Developmental delay (disorder),,-3.5,1.9,3.9,30230,584,896,33,3.7,0.63,1947|2104|2737|3479|4155|4300|4810|4848|5076|6660|6666|6792|6925|6938|6942|7227|7319|9139|9500|9611|9734|9759|23368|27086|27245|50485|51286|54806|55906|56006|57468|84327|84337,EFNB1|ESRRG|GLI3|IGF1|MBP|MLLT3|NHS|CNOT2|PAX2|SOX5|SOX12|CDKL5|TCF4|TCF12|TCF20|TRPS1|UBE2A|CBFA2T2|MAGED1|NCOR1|HDAC9|HDAC4|PPP1R13B|FOXP1|AHDC1|SMARCAL1|CEND1|AHI1|ZC4H2|SMG9|SLC12A5|ZBED3|ELOF1,-1.4,0
1,-3.4,C0345967,M1,1,0,DisGeNET,35,Malignant mesothelioma,,-3.4,2.1,3.9,30230,420,896,26,2.9,0.56,595|735|1026|2067|2158|2719|2861|3082|3383|3479|4052|6320|6387|6628|6696|7270|7424|9113|9759|9843|10413|29108|79006|317781|340719|400566,CCND1|C9|CDKN1A|ERCC1|F9|GPC3|GPR37|HGF|ICAM1|IGF1|LTBP1|CLEC11A|CXCL12|SNRPB|SPP1|TTF1|VEGFC|LATS1|HDAC4|HEPH|YAP1|PYCARD|METRN|DDX51|NANOS1|LIAT1,-1.4,0
1,-3.4,C0015302,M1,1,0,DisGeNET,35,External exotoses,,-3.4,3.4,4.4,30230,109,896,11,1.2,0.37,822|1634|3479|6239|6696|6934|7227|7286|8751|9759|84444,CAPG|DCN|IGF1|RREB1|SPP1|TCF7L2|TRPS1|TUFT1|ADAM15|HDAC4|DOT1L,-1.4,0
1,-3.4,C0035309,M1,1,0,DisGeNET,35,Retinal Diseases,,-3.4,1.8,3.8,30230,713,896,38,4.2,0.67,361|595|629|972|1634|1636|1948|2073|2158|3082|3383|3479|3489|3621|4155|4286|4854|4885|5606|5806|6387|6934|7424|9734|10018|25978|29108|51129|53342|54107|54714|54806|55975|57010|57804|84140|84335|94137,AQP4|CCND1|CFB|CD74|DCN|ACE|EFNB2|ERCC5|F9|HGF|ICAM1|IGF1|IGFBP6|ING1|MBP|MITF|NOTCH3|NPTX2|MAP2K3|PTX3|CXCL12|TCF7L2|VEGFC|HDAC9|BCL2L11|CHMP2B|PYCARD|ANGPTL4|IL17D|POLE3|CNGB3|AHI1|KLHL7|CABP4|POLD4|FAM161A|AKT1S1|RP1L1,-1.4,0
1,-3.4,C0004936,M1,1,0,DisGeNET,35,Mental disorders,,-3.4,1.8,3.7,30230,789,896,41,4.6,0.7,71|361|607|1453|1454|1501|1636|3270|3383|3479|4155|4661|4900|5116|5662|5978|6281|6383|6387|6618|6792|6925|7200|8926|9607|9734|9759|22986|23054|27086|29108|51070|54487|54806|54820|57468|57555|79778|81565|140733|147339,ACTG1|AQP4|BCL9|CSNK1D|CSNK1E|CTNND2|ACE|HRC|ICAM1|IGF1|MBP|MYT1|NRGN|PCNT|PSD|REST|S100A10|SDC2|CXCL12|SNAPC2|CDKL5|TCF4|TRH|SNURF|CARTPT|HDAC9|HDAC4|SORCS3|NCOA6|FOXP1|PYCARD|NOSIP|DGCR8|AHI1|NDE1|SLC12A5|NLGN2|MICALL2|NDEL1|MACROD2|ARK2N,-1.4,0
1,-3.4,C0740457,M1,1,0,DisGeNET,35,Malignant neoplasm of kidney,,-3.4,1.8,3.8,30230,664,896,36,4,0.66,350|595|858|972|1026|1039|1636|3082|3270|3297|3383|4286|4311|5076|6091|6387|6696|6777|6925|7030|7942|9113|9139|9825|10631|23368|23373|25978|29108|51129|54984|58191|80274|84260|84335|252983,APOH|CCND1|CAV2|CD74|CDKN1A|CDR2|ACE|HGF|HRC|HSF1|ICAM1|MITF|MME|PAX2|ROBO1|CXCL12|SPP1|STAT5B|TCF4|TFE3|TFEB|LATS1|CBFA2T2|SPATA2|POSTN|PPP1R13B|CRTC1|CHMP2B|PYCARD|ANGPTL4|PINX1|CXCL16|SCUBE1|TCHP|AKT1S1|STXBP4,-1.4,0
1,-3.4,C1842937,M1,1,0,DisGeNET,35,"AURAL ATRESIA, CONGENITAL",,-3.4,3.4,4.4,30230,110,896,11,1.2,0.37,1636|2147|2162|3133|4155|4311|4854|6696|8553|9734|10529,ACE|F2|F13A1|HLA-E|MBP|MME|NOTCH3|SPP1|BHLHE40|HDAC9|NEBL,-1.3,0
1,-3.4,C0041341,M1,1,0,DisGeNET,35,Tuberous Sclerosis,,-3.4,2.3,4,30230,289,896,20,2.2,0.49,361|595|3082|3383|3479|3622|3667|4311|5564|6383|6692|6696|6925|7424|8660|10018|23239|23373|57468|83987,AQP4|CCND1|HGF|ICAM1|IGF1|ING2|IRS1|MME|PRKAB1|SDC2|SPINT1|SPP1|TCF4|VEGFC|IRS2|BCL2L11|PHLPP1|CRTC1|SLC12A5|CCDC8,-1.3,0
1,-3.4,C1378703,M1,1,0,DisGeNET,35,Renal carcinoma,,-3.4,1.8,3.8,30230,665,896,36,4,0.66,350|595|858|972|1026|1039|1636|2719|3082|3270|3297|3383|3479|4286|4311|5076|5546|6387|6696|6777|6925|7030|7942|9113|9139|10631|23368|23373|25978|29108|54984|58191|84260|84335|220296|252983,APOH|CCND1|CAV2|CD74|CDKN1A|CDR2|ACE|GPC3|HGF|HRC|HSF1|ICAM1|IGF1|MITF|MME|PAX2|PRCC|CXCL12|SPP1|STAT5B|TCF4|TFE3|TFEB|LATS1|CBFA2T2|POSTN|PPP1R13B|CRTC1|CHMP2B|PYCARD|PINX1|CXCL16|TCHP|AKT1S1|HEPACAM|STXBP4,-1.3,0
1,-3.4,C0271527,M1,1,0,DisGeNET,35,Cryptogenic sexual precocity,,-3.4,10,5.9,30230,13,896,4,0.45,0.22,2104|3479|60676|153222,ESRRG|IGF1|PAPPA2|CREBRF,-1.3,0
1,-3.4,C0038379,M1,1,0,DisGeNET,35,Strabismus,,-3.4,1.8,3.7,30230,716,896,38,4.2,0.67,2073|2077|2619|4286|4703|4810|5076|5148|5980|6239|6660|6792|6925|6938|6942|7319|9289|9723|10297|10413|10848|22983|23247|26146|27086|29911|51244|51322|54539|54806|55906|55975|57010|65062|79140|79848|284058|646960,ERCC5|ERF|GAS1|MITF|NEB|NHS|PAX2|PDE6G|REV3L|RREB1|SOX5|CDKL5|TCF4|TCF12|TCF20|UBE2A|ADGRG1|SEMA3E|APC2|YAP1|PPP1R13L|MAST1|KATNIP|TRAF3IP1|FOXP1|HOOK2|CCDC174|WAC|NDUFB11|AHI1|ZC4H2|KLHL7|CABP4|TMEM237|CCDC28B|CSPP1|KANSL1|PRSS56,-1.3,0
1,-3.3,C0010308,M1,1,0,DisGeNET,35,Congenital Hypothyroidism,,-3.3,3.6,4.4,30230,94,896,10,1.1,0.35,1946|2044|3479|4744|4900|5076|6906|7200|7270|9611,EFNA5|EPHA5|IGF1|NEFH|NRGN|PAX2|SERPINA7|TRH|TTF1|NCOR1,-1.3,0
1,-3.3,C0206622,M1,1,0,DisGeNET,35,Adenomyoma,,-3.3,17,6.8,30230,6,896,3,0.33,0.19,595|1026|4311,CCND1|CDKN1A|MME,-1.3,0
1,-3.3,C0334331,M1,1,0,DisGeNET,35,Juxtaglomerular tumor,,-3.3,17,6.8,30230,6,896,3,0.33,0.19,595|1636|7030,CCND1|ACE|TFE3,-1.3,0
1,-3.3,C1337036,M1,1,0,DisGeNET,35,Renal Cell Carcinoma Associated with Xp11.2 Translocations/TFE3 Gene Fusions,,-3.3,17,6.8,30230,6,896,3,0.33,0.19,4286|7030|7942,MITF|TFE3|TFEB,-1.3,0
1,-3.3,C1511306,M1,1,0,DisGeNET,35,Breast Diffuse Large B-Cell Lymphoma,,-3.3,17,6.8,30230,6,896,3,0.33,0.19,4288|4311|84939,MKI67|MME|PWWP3A,-1.3,0
1,-3.3,C3553517,M1,1,0,DisGeNET,35,CORNELIA DE LANGE SYNDROME 4,,-3.3,17,6.8,30230,6,896,3,0.33,0.19,607|7227|84294,BCL9|TRPS1|UTP23,-1.3,0
1,-3.3,C4022736,M1,1,0,DisGeNET,35,Impaired social reciprocity,,-3.3,17,6.8,30230,6,896,3,0.33,0.19,2961|7737|136647,GTF2E2|RNF113A|MPLKIP,-1.3,0
1,-3.3,C4023792,M1,1,0,DisGeNET,35,Paraplegia/paraparesis,,-3.3,17,6.8,30230,6,896,3,0.33,0.19,2961|7737|136647,GTF2E2|RNF113A|MPLKIP,-1.3,0
1,-3.3,C4024892,M1,1,0,DisGeNET,35,Congenital exfoliative erythroderma,,-3.3,17,6.8,30230,6,896,3,0.33,0.19,2961|7737|136647,GTF2E2|RNF113A|MPLKIP,-1.3,0
1,-3.3,C4732857,M1,1,0,DisGeNET,35,Hypoplasia of mandible relative to maxilla,,-3.3,17,6.8,30230,6,896,3,0.33,0.19,2961|7737|136647,GTF2E2|RNF113A|MPLKIP,-1.3,0
1,-3.3,C0008074,M1,1,0,DisGeNET,35,"Child Development Disorders, Pervasive",,-3.3,2.8,4.1,30230,168,896,14,1.6,0.41,2147|4900|5101|6925|6942|22986|23368|27086|57496|57591|79004|140733|284058|348980,F2|NRGN|PCDH9|TCF4|TCF20|SORCS3|PPP1R13B|FOXP1|MRTFB|MRTFA|CUEDC2|MACROD2|KANSL1|HCN1,-1.3,0
1,-3.3,C0271801,M1,1,0,DisGeNET,35,Central hypothyroidism,,-3.3,5.8,4.9,30230,35,896,6,0.67,0.27,1028|1636|7200|23247|51199|89884,CDKN1C|ACE|TRH|KATNIP|NIN|LHX4,-1.3,0
1,-3.3,C0153690,M1,1,0,DisGeNET,35,Secondary malignant neoplasm of bone,,-3.3,1.8,3.7,30230,647,896,35,3.9,0.65,607|1028|1475|1634|2162|3082|3383|3479|4267|4854|5099|5806|5978|6387|6660|6696|6909|8805|9547|10318|10413|10631|10653|10848|25937|26103|27324|29997|58191|80310|112464|138428|219541|255743|400566,BCL9|CDKN1C|CSTA|DCN|F13A1|HGF|ICAM1|IGF1|CD99|NOTCH3|PCDH7|PTX3|REST|CXCL12|SOX5|SPP1|TBX2|TRIM24|CXCL14|TNIP1|YAP1|POSTN|SPINT2|PPP1R13L|WWTR1|LRIT1|TOX3|NOP53|CXCL16|PDGFD|CAVIN3|PTRH1|MED19|NPNT|LIAT1,-1.3,0
1,-3.3,C0518015,M1,1,0,DisGeNET,35,Hemoglobin measurement,,-3.3,3.1,4.2,30230,131,896,12,1.3,0.38,2122|3046|4286|4299|6764|7059|7227|8766|57619|83986|84444|124045,MECOM|HBE1|MITF|AFF1|DENND2B|THBS3|TRPS1|RAB11A|SHROOM3|FAM234A|DOT1L|SPATA33,-1.3,0
1,-3.3,C1840077,M1,1,0,DisGeNET,35,Anteverted nostril,,-3.3,2.1,3.8,30230,407,896,25,2.8,0.55,2077|2619|2719|2737|3955|4286|5148|6792|6925|9326|9759|10082|10297|23247|54806|55906|55975|56006|57670|65062|79848|83987|84140|112752|768206,ERF|GAS1|GPC3|GLI3|LFNG|MITF|PDE6G|CDKL5|TCF4|ZNHIT3|HDAC4|GPC6|APC2|KATNIP|AHI1|ZC4H2|KLHL7|SMG9|KIAA1549|TMEM237|CSPP1|CCDC8|FAM161A|IFT43|PRCD,-1.3,0
1,-3.3,C0027726,M1,1,0,DisGeNET,35,Nephrotic Syndrome,,-3.3,2.1,3.8,30230,384,896,24,2.7,0.54,361|595|715|1636|2147|2158|3263|4653|5076|6696|7030|8270|8694|8766|9640|11346|25959|50485|51129|54806|55243|92482|113263|255743,AQP4|CCND1|C1R|ACE|F2|F9|HPX|MYOC|PAX2|SPP1|TFE3|LAGE3|DGAT1|RAB11A|ZNF592|SYNPO|KANK2|SMARCAL1|ANGPTL4|AHI1|KIRREL1|BBIP1|GLCCI1|NPNT,-1.3,0
1,-3.2,C0687120,M1,1,0,DisGeNET,35,Nephronophthisis,,-3.2,3.5,4.3,30230,96,896,10,1.1,0.35,1611|1636|5076|25937|26146|54806|79848|84070|112752|192668,DAP|ACE|PAX2|WWTR1|TRAF3IP1|AHI1|CSPP1|FAM186B|IFT43|CYS1,-1.3,0
1,-3.2,C0949541,M1,1,0,DisGeNET,35,Hurthle Cell Tumor,,-3.2,2.8,4.1,30230,170,896,14,1.6,0.41,595|664|1039|2158|3479|3487|4286|4311|5076|7030|7942|51129|84335|400566,CCND1|BNIP3|CDR2|F9|IGF1|IGFBP4|MITF|MME|PAX2|TFE3|TFEB|ANGPTL4|AKT1S1|LIAT1,-1.3,0
1,-3.2,C1858085,M1,1,0,DisGeNET,35,Malar flattening,,-3.2,2.7,4,30230,190,896,15,1.7,0.43,2077|4854|6239|6628|7227|7319|7703|8425|9326|9723|10082|51132|54507|65062|83987,ERF|NOTCH3|RREB1|SNRPB|TRPS1|UBE2A|PCGF2|LTBP4|ZNHIT3|SEMA3E|GPC6|RLIM|ADAMTSL4|TMEM237|CCDC8,-1.3,0
1,-3.2,C0221261,M1,1,0,DisGeNET,35,Koilonychia,,-3.2,9.6,5.7,30230,14,896,4,0.45,0.22,2961|7227|7737|136647,GTF2E2|TRPS1|RNF113A|MPLKIP,-1.3,0
1,-3.2,C0796085,M1,1,0,DisGeNET,35,Nance-Horan syndrome,,-3.2,9.6,5.7,30230,14,896,4,0.45,0.22,3297|4810|6792|57224,HSF1|NHS|CDKL5|NHSL1,-1.3,0
1,-3.2,C1859077,M1,1,0,DisGeNET,35,Aplasia/Hypoplasia of the nails,,-3.2,9.6,5.7,30230,14,896,4,0.45,0.22,2961|6660|7737|136647,GTF2E2|SOX5|RNF113A|MPLKIP,-1.3,0
1,-3.2,C0085220,M1,1,0,DisGeNET,35,Cerebral Amyloid Angiopathy,,-3.2,4.2,4.4,30230,65,896,8,0.89,0.31,361|1636|2147|4155|4311|4854|9734|51129,AQP4|ACE|F2|MBP|MME|NOTCH3|HDAC9|ANGPTL4,-1.3,0
1,-3.2,C0240063,M1,1,0,DisGeNET,35,Coloboma of iris,,-3.2,2.9,4,30230,153,896,13,1.5,0.4,71|2077|2619|4653|4854|9723|10413|23247|54539|54806|57479|65062|79848,ACTG1|ERF|GAS1|MYOC|NOTCH3|SEMA3E|YAP1|KATNIP|NDUFB11|AHI1|PRR12|TMEM237|CSPP1,-1.3,0
1,-3.2,C0206161,M1,1,0,DisGeNET,35,Reticulocyte count (procedure),,-3.2,2.5,3.9,30230,234,896,17,1.9,0.46,665|4795|6239|6764|6787|7145|7227|8660|10018|22983|25959|29911|55553|57664|147339|284058|388588,BNIP3L|NFKBIL1|RREB1|DENND2B|NEK4|TNS1|TRPS1|IRS2|BCL2L11|MAST1|KANK2|HOOK2|SOX6|PLEKHA4|ARK2N|KANSL1|SMIM1,-1.3,0
1,-3.2,C0007787,M1,1,0,DisGeNET,35,Transient Ischemic Attack,,-3.2,2.2,3.8,30230,344,896,22,2.5,0.52,71|361|664|972|1636|2002|2147|3014|3297|3383|3479|4052|4155|4744|4854|6387|6529|6696|6934|10133|50485|55872,ACTG1|AQP4|BNIP3|CD74|ACE|ELK1|F2|H2AX|HSF1|ICAM1|IGF1|LTBP1|MBP|NEFH|NOTCH3|CXCL12|SLC6A1|SPP1|TCF7L2|OPTN|SMARCAL1|PBK,-1.2,0
1,-3.1,C0023465,M1,1,0,DisGeNET,35,Acute monocytic leukemia,,-3.1,1.8,3.6,30230,633,896,34,3.8,0.64,166|862|972|1026|1028|1611|1636|2122|2147|2737|3014|4211|4286|4300|4772|5564|6092|6239|6696|6777|7030|7424|9289|9607|9611|9734|9759|10010|10018|11143|55553|55872|79870|84441,TLE5|RUNX1T1|CD74|CDKN1A|CDKN1C|DAP|ACE|MECOM|F2|GLI3|H2AX|MEIS1|MITF|MLLT3|NFATC1|PRKAB1|ROBO2|RREB1|SPP1|STAT5B|TFE3|VEGFC|ADGRG1|CARTPT|NCOR1|HDAC9|HDAC4|TANK|BCL2L11|KAT7|SOX6|PBK|BAALC|MAML2,-1.2,0
1,-3.1,C1445957,M1,1,0,DisGeNET,35,Serum total cholesterol measurement,,-3.1,1.9,3.7,30230,486,896,28,3.1,0.58,350|1026|1997|2039|2122|3383|3667|5125|6002|6934|6938|7200|7227|9388|9530|9846|23051|23301|25959|54815|54901|55596|57523|64897|85463|112752|144108|150864,APOH|CDKN1A|ELF1|DMTN|MECOM|ICAM1|IRS1|PCSK5|RGS12|TCF7L2|TCF12|TRH|TRPS1|LIPG|BAG4|GAB2|ZHX3|EHBP1|KANK2|GATAD2A|CDKAL1|ZCCHC8|NYNRIN|C12orf43|ZC3H12C|IFT43|SPTY2D1|FAM117B,-1.2,0
1,-3.1,C0008925,M1,1,0,DisGeNET,35,Cleft Palate,,-3.1,1.8,3.6,30230,611,896,33,3.7,0.63,1028|1947|2049|2162|2619|2719|2737|3955|4335|4703|4750|5980|6239|6628|6696|6792|6909|6934|7145|8897|9411|9611|9723|9759|10413|23767|27086|54806|55975|57619|57724|65062|79848,CDKN1C|EFNB1|EPHB3|F13A1|GAS1|GPC3|GLI3|LFNG|MNT|NEB|NEK1|REV3L|RREB1|SNRPB|SPP1|CDKL5|TBX2|TCF7L2|TNS1|MTMR3|ARHGAP29|NCOR1|SEMA3E|HDAC4|YAP1|FLRT3|FOXP1|AHI1|KLHL7|SHROOM3|EPG5|TMEM237|CSPP1,-1.2,0
1,-3.1,C1387005,M1,1,0,DisGeNET,35,Penis agenesis,,-3.1,2.5,3.8,30230,217,896,16,1.8,0.44,1028|2737|3479|4703|6792|6925|7319|7737|9723|23247|23767|51132|54539|60676|79140|131377,CDKN1C|GLI3|IGF1|NEB|CDKL5|TCF4|UBE2A|RNF113A|SEMA3E|KATNIP|FLRT3|RLIM|NDUFB11|PAPPA2|CCDC28B|KLHL40,-1.2,0
1,-3.1,C0027092,M1,1,0,DisGeNET,35,Myopia,,-3.1,1.9,3.6,30230,490,896,28,3.1,0.58,1501|1634|2961|3082|3479|4060|4653|5076|6660|6925|6934|6942|7737|7802|10133|50485|51322|54539|54820|55033|55589|55975|57010|79140|79848|112752|136647|646960,CTNND2|DCN|GTF2E2|HGF|IGF1|LUM|MYOC|PAX2|SOX5|TCF4|TCF7L2|TCF20|RNF113A|DNALI1|OPTN|SMARCAL1|WAC|NDUFB11|NDE1|FKBP14|BMP2K|KLHL7|CABP4|CCDC28B|CSPP1|IFT43|MPLKIP|PRSS56,-1.2,0
1,-3.1,C0206717,M1,1,0,DisGeNET,35,Olfactory Neuroblastoma,,-3.1,5.3,4.7,30230,38,896,6,0.67,0.27,595|1026|3479|4267|6777|7270,CCND1|CDKN1A|IGF1|CD99|STAT5B|TTF1,-1.2,0
1,-3.1,C0265535,M1,1,0,DisGeNET,35,Trigonocephaly,,-3.1,4.5,4.5,30230,52,896,7,0.78,0.29,71|1947|2077|2737|6938|27086|55975,ACTG1|EFNB1|ERF|GLI3|TCF12|FOXP1|KLHL7,-1.2,0
1,-3.1,C1970269,M1,1,0,DisGeNET,35,"Choreoathetosis, Hypothyroidism, And Neonatal Respiratory Distress",,-3.1,14,6.2,30230,7,896,3,0.33,0.19,7270|25937|51562,TTF1|WWTR1|MBIP,-1.2,0
1,-3.1,C4073178,M1,1,0,DisGeNET,35,Tiger tail banding,,-3.1,14,6.2,30230,7,896,3,0.33,0.19,2961|7737|136647,GTF2E2|RNF113A|MPLKIP,-1.2,0
1,-3.1,C4086152,M1,1,0,DisGeNET,35,Childhood Astrocytoma,,-3.1,1.8,3.5,30230,615,896,33,3.7,0.63,361|595|904|1026|2002|3014|3082|3383|3400|3479|3487|3621|4155|4267|4288|6387|6696|6777|6909|6925|6934|7200|8658|9113|9289|10133|10413|10848|23054|23239|23627|29108|65078,AQP4|CCND1|CCNT1|CDKN1A|ELK1|H2AX|HGF|ICAM1|ID4|IGF1|IGFBP4|ING1|MBP|CD99|MKI67|CXCL12|SPP1|STAT5B|TBX2|TCF4|TCF7L2|TRH|TNKS|LATS1|ADGRG1|OPTN|YAP1|PPP1R13L|NCOA6|PHLPP1|PRND|PYCARD|RTN4R,-1.2,0
1,-3.1,C0220611,M1,1,0,DisGeNET,35,Childhood Rhabdomyosarcoma,,-3.1,1.9,3.6,30230,517,896,29,3.2,0.59,595|858|1026|1028|2737|3014|3082|3383|3479|3489|3667|4267|4288|4810|4854|6387|6696|6909|7030|7138|7903|8772|9734|9759|10252|10413|23528|58191|340719,CCND1|CAV2|CDKN1A|CDKN1C|GLI3|H2AX|HGF|ICAM1|IGF1|IGFBP6|IRS1|CD99|MKI67|NHS|NOTCH3|CXCL12|SPP1|TBX2|TFE3|TNNT1|ST8SIA4|FADD|HDAC9|HDAC4|SPRY1|YAP1|ZNF281|CXCL16|NANOS1,-1.2,0
1,-3.1,C3898147,M1,1,0,DisGeNET,35,Neonatal Hypoxic Ischemic Encephalopathy,,-3.1,6.5,4.9,30230,26,896,5,0.56,0.25,2147|2662|5564|6091|29108,F2|GDF10|PRKAB1|ROBO1|PYCARD,-1.2,0
1,-3.1,C4551568,M1,1,0,DisGeNET,35,Joubert syndrome 1,,-3.1,6.5,4.9,30230,26,896,5,0.56,0.25,23247|54806|65062|79778|79848,KATNIP|AHI1|TMEM237|MICALL2|CSPP1,-1.2,0
1,-3,C1853737,M1,1,0,DisGeNET,35,Prominent occiput,,-3,4.5,4.4,30230,53,896,7,0.78,0.29,1028|2077|2737|3955|56006|112752|147965,CDKN1C|ERF|GLI3|LFNG|SMG9|IFT43|FAM98C,-1.2,0
1,-3,C0151908,M1,1,0,DisGeNET,35,Dry skin,,-3,2.8,3.9,30230,159,896,13,1.5,0.4,2073|2737|2961|4286|5116|7200|7319|7737|9325|10848|112752|136647|284058,ERCC5|GLI3|GTF2E2|MITF|PCNT|TRH|UBE2A|RNF113A|TRIP4|PPP1R13L|IFT43|MPLKIP|KANSL1,-1.1,0
1,-3,C4704874,M1,1,0,DisGeNET,35,"Mammary Carcinoma, Human",,-3,1.9,3.5,30230,545,896,30,3.3,0.6,595|972|2122|2662|3014|3479|4211|4288|4311|4854|6387|6696|7087|7424|8425|8751|9611|10010|10297|10318|10413|27324|51129|56100|63943|80774|90355|151647|252983|284615,CCND1|CD74|MECOM|GDF10|H2AX|IGF1|MEIS1|MKI67|MME|NOTCH3|CXCL12|SPP1|ICAM5|VEGFC|LTBP4|ADAM15|NCOR1|TANK|APC2|TNIP1|YAP1|TOX3|ANGPTL4|PCDHGB6|FKBPL|LIMD2|MACIR|TAFA4|STXBP4|ANKRD34A,-1.1,0
1,-3,C1854113,M1,1,0,DisGeNET,35,Prominent nasal bridge,,-3,2.6,3.8,30230,180,896,14,1.6,0.41,2067|4286|4810|5116|6239|6925|23247|51132|54806|54820|65062|79848|92482|284058,ERCC1|MITF|NHS|PCNT|RREB1|TCF4|KATNIP|RLIM|AHI1|NDE1|TMEM237|CSPP1|BBIP1|KANSL1,-1.1,0
1,-3,C4025763,M1,1,0,DisGeNET,35,Abnormality of the rib cage,,-3,8.4,5.2,30230,16,896,4,0.45,0.22,1947|4703|4854|7138,EFNB1|NEB|NOTCH3|TNNT1,-1.1,0
1,-3,C0042454,M1,1,0,DisGeNET,35,Velopharyngeal Insufficiency,,-3,6.2,4.8,30230,27,896,5,0.56,0.25,4750|8220|9411|51132|54487,NEK1|ESS2|ARHGAP29|RLIM|DGCR8,-1.1,0
1,-3,C0346053,M1,1,0,DisGeNET,35,Atypical fibroxanthoma of skin,,-3,6.2,4.8,30230,27,896,5,0.56,0.25,595|972|4286|4288|4311,CCND1|CD74|MITF|MKI67|MME,-1.1,0
1,-3,C1856963,M1,1,0,DisGeNET,35,Fragile nails,,-3,6.2,4.8,30230,27,896,5,0.56,0.25,1947|2961|7227|7737|136647,EFNB1|GTF2E2|TRPS1|RNF113A|MPLKIP,-1.1,0
1,-3,C0021841,M1,1,0,DisGeNET,35,Intestinal Neoplasms,,-3,2.6,3.8,30230,182,896,14,1.6,0.41,595|607|1026|1634|6091|6387|6692|6696|6925|6934|9607|9846|79884|283149,CCND1|BCL9|CDKN1A|DCN|ROBO1|CXCL12|SPINT1|SPP1|TCF4|TCF7L2|CARTPT|GAB2|MAP9|BCL9L,-1.1,0
1,-2.9,C0201976,M1,1,0,DisGeNET,35,"Creatinine measurement, serum (procedure)",,-2.9,3,3.9,30230,124,896,11,1.2,0.37,735|4772|6002|6660|6909|7942|9846|22864|23054|57591|57619,C9|NFATC1|RGS12|SOX5|TBX2|TFEB|GAB2|R3HDM2|NCOA6|MRTFA|SHROOM3,-1.1,0
1,-2.9,C0362046,M1,1,0,DisGeNET,35,Prediabetes syndrome,,-2.9,2.5,3.7,30230,205,896,15,1.7,0.43,173|2662|3082|3479|4810|6387|6522|6696|6934|7060|9498|54901|65078|138428|148113,AFM|GDF10|HGF|IGF1|NHS|CXCL12|SLC4A2|SPP1|TCF7L2|THBS4|SLC4A8|CDKAL1|RTN4R|PTRH1|CILP2,-1,0
1,-2.9,C1862939,M1,1,0,DisGeNET,35,AMYOTROPHIC LATERAL SCLEROSIS 1,,-2.9,2.7,3.8,30230,164,896,13,1.5,0.4,1501|3082|3297|3680|4501|4744|6464|10133|25978|26039|51303|55033|400916,CTNND2|HGF|HSF1|ITGA9|MT1X|NEFH|SHC1|OPTN|CHMP2B|SS18L1|FKBP11|FKBP14|CHCHD10,-1,0
1,-2.9,C0023508,M1,1,0,DisGeNET,35,White Blood Cell Count procedure,,-2.9,1.7,3.4,30230,681,896,35,3.9,0.65,350|607|1026|2687|3487|4286|6239|6387|6464|6764|7903|7942|9734|9811|10413|10723|11030|22807|22871|23331|51274|51564|54806|54901|55243|55553|56890|56987|57636|83986|84969|113263|129685|147339|284058,APOH|BCL9|CDKN1A|GGT5|IGFBP4|MITF|RREB1|CXCL12|SHC1|DENND2B|ST8SIA4|TFEB|HDAC9|CTIF|YAP1|SLC12A7|RBPMS|IKZF2|NLGN1|TTC28|KLF3|HDAC7|AHI1|CDKAL1|KIRREL1|SOX6|SAXO6|BBX|ARHGAP23|FAM234A|TOX2|GLCCI1|TAF8|ARK2N|KANSL1,-1,0
1,-2.9,C0022679,M1,1,0,DisGeNET,35,Cystic kidney,,-2.9,3.4,4,30230,89,896,9,1,0.33,629|5076|6091|6092|7145|10413|24147|54806|192668,CFB|PAX2|ROBO1|ROBO2|TNS1|YAP1|FJX1|AHI1|CYS1,-1,0
1,-2.9,C1300347,M1,1,0,DisGeNET,35,Atypical polypoid adenomyoma,,-2.9,13,5.8,30230,8,896,3,0.33,0.19,595|1026|4311,CCND1|CDKN1A|MME,-1,0
1,-2.9,C0022548,M1,1,0,DisGeNET,35,Keloid,,-2.9,2.7,3.7,30230,165,896,13,1.5,0.4,595|822|1311|1634|1636|3082|4734|6281|6387|6696|10413|10631|64129,CCND1|CAPG|COMP|DCN|ACE|HGF|NEDD4|S100A10|CXCL12|SPP1|YAP1|POSTN|TINAGL1,-1,0
1,-2.9,C1854885,M1,1,0,DisGeNET,35,Cerebral dysmyelination,,-2.9,7.9,5,30230,17,896,4,0.45,0.22,2961|7737|9289|136647,GTF2E2|RNF113A|ADGRG1|MPLKIP,-1,0
1,-2.9,C0428883,M1,1,0,DisGeNET,35,Diastolic blood pressure,,-2.9,1.9,3.4,30230,507,896,28,3.1,0.58,350|1636|2122|2662|4634|5076|6909|6934|7145|9759|9846|10150|22986|23112|51199|51564|54984|55105|55553|55596|57337|57608|59269|89796|158038|254102|255743|375449,APOH|ACE|MECOM|GDF10|MYL3|PAX2|TBX2|TCF7L2|TNS1|HDAC4|GAB2|MBNL2|SORCS3|TNRC6B|NIN|HDAC7|PINX1|GPATCH2|SOX6|ZCCHC8|SENP7|JCAD|HIVEP3|NAV1|LINGO2|EHBP1L1|NPNT|MAST4,-1,0
1,-2.9,C0016529,M1,1,0,DisGeNET,35,Forced expiratory volume function,,-2.9,2.2,3.6,30230,272,896,18,2,0.47,2104|2122|3479|3955|4324|6457|7145|9611|11155|27086|29108|57117|64084|79058|81706|253827|255743|284058,ESRRG|MECOM|IGF1|LFNG|MMP15|SH3GL3|TNS1|NCOR1|LDB3|FOXP1|PYCARD|INTS12|CLSTN2|ASPSCR1|PPP1R14C|MSRB3|NPNT|KANSL1,-1,0
1,-2.9,C0428886,M1,1,0,DisGeNET,35,Mean blood pressure,,-2.9,2.8,3.8,30230,146,896,12,1.3,0.38,350|2104|2122|2662|4634|6909|7092|9759|54984|55553|94137|254102,APOH|ESRRG|MECOM|GDF10|MYL3|TBX2|TLL1|HDAC4|PINX1|SOX6|RP1L1|EHBP1L1,-1,0
1,-2.9,C4023616,M1,1,0,DisGeNET,35,Abnormality of immune system physiology,,-2.9,4.8,4.3,30230,42,896,6,0.67,0.27,2067|2073|3955|8270|9723|10297,ERCC1|ERCC5|LFNG|LAGE3|SEMA3E|APC2,-1,0
1,-2.8,C0279550,M1,1,0,DisGeNET,35,Adult Rhabdomyosarcoma,,-2.8,1.9,3.4,30230,509,896,28,3.1,0.58,595|858|1026|1028|2737|3014|3082|3383|3479|3489|3667|4267|4288|4810|4854|6387|6696|6909|7030|7138|7903|8772|9734|9759|10252|10413|23528|58191,CCND1|CAV2|CDKN1A|CDKN1C|GLI3|H2AX|HGF|ICAM1|IGF1|IGFBP6|IRS1|CD99|MKI67|NHS|NOTCH3|CXCL12|SPP1|TBX2|TFE3|TNNT1|ST8SIA4|FADD|HDAC9|HDAC4|SPRY1|YAP1|ZNF281|CXCL16,-1,0
1,-2.8,C0339467,M1,1,0,DisGeNET,35,Proliferative retinopathy,,-2.8,4.1,4.2,30230,57,896,7,0.78,0.29,1636|3479|6091|6387|9388|9723|51129,ACE|IGF1|ROBO1|CXCL12|LIPG|SEMA3E|ANGPTL4,-1,0
1,-2.8,C0201973,M1,1,0,DisGeNET,35,Creatine kinase measurement,,-2.8,5.8,4.5,30230,29,896,5,0.56,0.25,350|4703|9846|51271|57591,APOH|NEB|GAB2|UBAP1|MRTFA,-1,0
1,-2.8,C1397307,M1,1,0,DisGeNET,35,Cardiac fibrosis,,-2.8,2.2,3.5,30230,297,896,19,2.1,0.48,1489|1634|1636|2869|3082|3297|3479|4060|4286|4969|6047|6696|8553|9734|10631|57333|57591|64388|80310,CTF1|DCN|ACE|GRK5|HGF|HSF1|IGF1|LUM|MITF|OGN|RNF4|SPP1|BHLHE40|HDAC9|POSTN|RCN3|MRTFA|GREM2|PDGFD,-0.99,0
1,-2.8,C0241210,M1,1,0,DisGeNET,35,Speech Delay,,-2.8,4.1,4.1,30230,58,896,7,0.78,0.29,2077|5662|6660|6792|25792|27086|284058,ERF|PSD|SOX5|CDKL5|CIZ1|FOXP1|KANSL1,-0.98,0
1,-2.8,C0202236,M1,1,0,DisGeNET,35,Triglycerides measurement,,-2.8,1.8,3.3,30230,563,896,30,3.3,0.6,350|1026|3083|3383|3479|4211|4299|4854|6934|8220|9411|9478|9846|10524|22864|23368|26037|51129|54487|54815|54984|55596|56776|57094|81849|85463|91050|94137|112752|284018,APOH|CDKN1A|HGFAC|ICAM1|IGF1|MEIS1|AFF1|NOTCH3|TCF7L2|ESS2|ARHGAP29|CABP1|GAB2|KAT5|R3HDM2|PPP1R13B|SIPA1L1|ANGPTL4|DGCR8|GATAD2A|PINX1|ZCCHC8|FMN2|CPA6|ST6GALNAC5|ZC3H12C|CCDC149|RP1L1|IFT43|C17orf58,-0.97,0
1,-2.8,C0085669,M1,1,0,DisGeNET,35,Acute leukemia,,-2.8,1.7,3.3,30230,639,896,33,3.7,0.63,173|595|664|862|1611|1636|2122|2147|2158|3014|3133|3400|4211|4291|4299|4300|4311|6387|6777|7456|8233|8805|8861|9611|9734|10413|10848|25901|57099|79870|84260|84444|129685,AFM|CCND1|BNIP3|RUNX1T1|DAP|ACE|MECOM|F2|F9|H2AX|HLA-E|ID4|MEIS1|MLF1|AFF1|MLLT3|MME|CXCL12|STAT5B|WIPF1|ZRSR2|TRIM24|LDB1|NCOR1|HDAC9|YAP1|PPP1R13L|CCDC28A|AVEN|BAALC|TCHP|DOT1L|TAF8,-0.97,0
1,-2.8,C0039101,M1,1,0,DisGeNET,35,synovial sarcoma,,-2.8,2.1,3.5,30230,299,896,19,2.1,0.48,595|629|1026|1636|2002|2073|2147|3082|3383|3479|4267|4288|4734|5076|6387|9734|26039|26471|65980,CCND1|CFB|CDKN1A|ACE|ELK1|ERCC5|F2|HGF|ICAM1|IGF1|CD99|MKI67|NEDD4|PAX2|CXCL12|HDAC9|SS18L1|NUPR1|BRD9,-0.97,0
1,-2.8,C0678230,M1,1,0,DisGeNET,35,Congenital Epicanthus,,-2.8,1.9,3.4,30230,417,896,24,2.7,0.54,71|1501|2719|2961|4854|5980|6239|6628|6660|6909|6925|6942|7424|7737|9326|9723|10082|51322|54806|65062|79848|112752|136647|284058,ACTG1|CTNND2|GPC3|GTF2E2|NOTCH3|REV3L|RREB1|SNRPB|SOX5|TBX2|TCF4|TCF20|VEGFC|RNF113A|ZNHIT3|SEMA3E|GPC6|WAC|AHI1|TMEM237|CSPP1|IFT43|MPLKIP|KANSL1,-0.96,0
1,-2.8,C0393554,M1,1,0,DisGeNET,35,Amyotrophic Lateral Sclerosis With Dementia,,-2.8,5.6,4.4,30230,30,896,5,0.56,0.25,4750|6529|10133|25978|400916,NEK1|SLC6A1|OPTN|CHMP2B|CHCHD10,-0.94,0
1,-2.8,C4509816,M1,1,0,DisGeNET,35,Squamous non-small cell lung cancer,,-2.8,5.6,4.4,30230,30,896,5,0.56,0.25,3082|3479|7270|23373|84335,HGF|IGF1|TTF1|CRTC1|AKT1S1,-0.94,0
1,-2.8,C3494422,M1,1,0,DisGeNET,35,Retrognathia,,-2.8,2.5,3.6,30230,191,896,14,1.6,0.41,71|2077|2961|5116|7737|8220|8425|9326|27086|54487|54539|55906|55975|136647,ACTG1|ERF|GTF2E2|PCNT|RNF113A|ESS2|LTBP4|ZNHIT3|FOXP1|DGCR8|NDUFB11|ZC4H2|KLHL7|MPLKIP,-0.94,0
1,-2.7,C0155015,M1,1,0,DisGeNET,35,"Color Blindness, Red",,-2.7,11,5.4,30230,9,896,3,0.33,0.19,4810|5149|54714,NHS|PDE6H|CNGB3,-0.92,0
1,-2.7,C0684354,M1,1,0,DisGeNET,35,Benign neoplasm of sweat gland,,-2.7,11,5.4,30230,9,896,3,0.33,0.19,4311|64784|84441,MME|CRTC3|MAML2,-0.92,0
1,-2.7,C1333324,M1,1,0,DisGeNET,35,Barretts esophagus with dysplasia,,-2.7,11,5.4,30230,9,896,3,0.33,0.19,595|1636|3014,CCND1|ACE|H2AX,-0.92,0
1,-2.7,C1836933,M1,1,0,DisGeNET,35,Low-set nipples,,-2.7,11,5.4,30230,9,896,3,0.33,0.19,2961|7737|136647,GTF2E2|RNF113A|MPLKIP,-0.92,0
1,-2.7,C2717981,M1,1,0,DisGeNET,35,Poroma,,-2.7,11,5.4,30230,9,896,3,0.33,0.19,10413|25937|84441,YAP1|WWTR1|MAML2,-0.92,0
1,-2.7,C2732374,M1,1,0,DisGeNET,35,Edema of dorsum of hand,,-2.7,11,5.4,30230,9,896,3,0.33,0.19,4703|9326|131377,NEB|ZNHIT3|KLHL40,-0.92,0
1,-2.7,C0027809,M1,1,0,DisGeNET,35,Neurilemmoma,,-2.7,2.4,3.5,30230,193,896,14,1.6,0.41,595|2147|3479|4155|4288|4653|4810|6696|6777|9113|25937|29108|58191|80310,CCND1|F2|IGF1|MBP|MKI67|MYOC|NHS|SPP1|STAT5B|LATS1|WWTR1|PYCARD|CXCL16|PDGFD,-0.92,0
1,-2.7,C0392885,M1,1,0,DisGeNET,35,High density lipoprotein measurement,,-2.7,1.8,3.3,30230,545,896,29,3.2,0.59,2147|3082|3383|3479|4211|4299|4854|6934|7200|7227|9388|9530|9611|9846|22864|23054|26037|51129|54901|55553|55596|56776|58506|80310|83892|85463|94137|146206|158038,F2|HGF|ICAM1|IGF1|MEIS1|AFF1|NOTCH3|TCF7L2|TRH|TRPS1|LIPG|BAG4|NCOR1|GAB2|R3HDM2|NCOA6|SIPA1L1|ANGPTL4|CDKAL1|SOX6|ZCCHC8|FMN2|SCAF1|PDGFD|KCTD10|ZC3H12C|RP1L1|CARMIL2|LINGO2,-0.92,0
1,-2.7,C3501848,M1,1,0,DisGeNET,35,"Nephrosis, congenital",,-2.7,5.4,4.3,30230,31,896,5,0.56,0.25,333|1636|2719|5076|6383,APLP1|ACE|GPC3|PAX2|SDC2,-0.9,0
1,-2.7,C0346629,M1,1,0,DisGeNET,35,Malignant neoplasm of large intestine,,-2.7,2.5,3.5,30230,173,896,13,1.5,0.4,595|2044|6047|6934|7942|55094|56478|64784|79870|84294|84969|152485|162427,CCND1|EPHA5|RNF4|TCF7L2|TFEB|GPATCH1|EIF4ENIF1|CRTC3|BAALC|UTP23|TOX2|ZNF827|RETREG3,-0.9,0
1,-2.7,C0085167,M1,1,0,DisGeNET,35,Granular cell tumor,,-2.7,7.1,4.7,30230,19,896,4,0.45,0.22,4288|6696|7030|7270,MKI67|SPP1|TFE3|TTF1,-0.9,0
1,-2.7,C0162869,M1,1,0,DisGeNET,35,"Aneurysm, Ruptured",,-2.7,7.1,4.7,30230,19,896,4,0.45,0.22,1636|3383|7456|51129,ACE|ICAM1|WIPF1|ANGPTL4,-0.9,0
1,-2.7,C0158734,M1,1,0,DisGeNET,35,Polydactyly of toes,,-2.7,3.9,3.9,30230,61,896,7,0.78,0.29,2737|6239|23247|54806|65062|79140|79848,GLI3|RREB1|KATNIP|AHI1|TMEM237|CCDC28B|CSPP1,-0.89,0
1,-2.7,C0019562,M1,1,0,DisGeNET,35,Von Hippel-Lindau Syndrome,,-2.7,2.5,3.5,30230,174,896,13,1.5,0.4,350|595|1026|1113|3479|4286|4288|4810|5076|6387|6696|51129|84260,APOH|CCND1|CDKN1A|CHGA|IGF1|MITF|MKI67|NHS|PAX2|CXCL12|SPP1|ANGPTL4|TCHP,-0.89,0
1,-2.7,C0015310,M1,1,0,DisGeNET,35,Exotropia,,-2.7,3.5,3.8,30230,78,896,8,0.89,0.31,1947|5149|6660|9289|54714|55906|56776|57479,EFNB1|PDE6H|SOX5|ADGRG1|CNGB3|ZC4H2|FMN2|PRR12,-0.88,0
1,-2.7,C0392784,M1,1,0,DisGeNET,35,Dermatofibrosarcoma Protuberans,,-2.7,3.5,3.8,30230,78,896,8,0.89,0.31,595|2073|2162|4288|4311|7030|10631|80310,CCND1|ERCC5|F13A1|MKI67|MME|TFE3|POSTN|PDGFD,-0.88,0
1,-2.6,C0023529,M1,1,0,DisGeNET,35,"Leukomalacia, Periventricular",,-2.6,3.8,3.9,30230,62,896,7,0.78,0.29,1636|2961|4155|4661|7737|29997|136647,ACE|GTF2E2|MBP|MYT1|RNF113A|NOP53|MPLKIP,-0.86,0
1,-2.6,C0263630,M1,1,0,DisGeNET,35,"Hypertrophic disorder of skin, unspecified",,-2.6,3.8,3.9,30230,62,896,7,0.78,0.29,1489|1824|2104|3479|5978|9759|387032,CTF1|DSC2|ESRRG|IGF1|REST|HDAC4|ZKSCAN4,-0.86,0
1,-2.6,C0149651,M1,1,0,DisGeNET,35,Clubbing,,-2.6,5.3,4.2,30230,32,896,5,0.56,0.25,1311|2961|6925|7737|136647,COMP|GTF2E2|TCF4|RNF113A|MPLKIP,-0.86,0
1,-2.6,C1257931,M1,1,0,DisGeNET,35,"Mammary Neoplasms, Human",,-2.6,1.8,3.2,30230,527,896,28,3.1,0.58,595|972|2122|2662|3014|3479|4211|4288|4311|4854|6387|6696|7087|7424|9611|10010|10297|10318|10413|27324|51129|56100|63943|80774|90355|151647|252983|284615,CCND1|CD74|MECOM|GDF10|H2AX|IGF1|MEIS1|MKI67|MME|NOTCH3|CXCL12|SPP1|ICAM5|VEGFC|NCOR1|TANK|APC2|TNIP1|YAP1|TOX3|ANGPTL4|PCDHGB6|FKBPL|LIMD2|MACIR|TAFA4|STXBP4|ANKRD34A,-0.86,0
1,-2.6,C1834055,M1,1,0,DisGeNET,35,Underdeveloped nasal alae,,-2.6,3.4,3.8,30230,79,896,8,0.89,0.31,4286|5116|6792|7227|7319|8220|9759|54487,MITF|PCNT|CDKL5|TRPS1|UBE2A|ESS2|HDAC4|DGCR8,-0.86,0
1,-2.6,C4277690,M1,1,0,DisGeNET,35,Ciliopathies,,-2.6,2.2,3.4,30230,241,896,16,1.8,0.44,595|1611|3479|4750|5116|6787|7044|9857|26146|54806|65062|79140|79848|84140|112752|123811,CCND1|DAP|IGF1|NEK1|PCNT|NEK4|LEFTY2|CEP350|TRAF3IP1|AHI1|TMEM237|CCDC28B|CSPP1|FAM161A|IFT43|CEP20,-0.86,0
1,-2.6,C0280803,M1,1,0,DisGeNET,35,Primary central nervous system lymphoma,,-2.6,2.6,3.5,30230,156,896,12,1.3,0.38,1026|4155|4311|6281|6387|6696|9760|27086|65078|83987|84939|201191,CDKN1A|MBP|MME|S100A10|CXCL12|SPP1|TOX|FOXP1|RTN4R|CCDC8|PWWP3A|SAMD14,-0.85,0
1,-2.6,C0278660,M1,1,0,DisGeNET,35,Adult Synovial Sarcoma,,-2.6,2.4,3.4,30230,198,896,14,1.6,0.41,595|1026|2002|3082|3479|4267|4288|4734|5076|6387|9734|26039|26471|65980,CCND1|CDKN1A|ELK1|HGF|IGF1|CD99|MKI67|NEDD4|PAX2|CXCL12|HDAC9|SS18L1|NUPR1|BRD9,-0.85,0
1,-2.6,C0279982,M1,1,0,DisGeNET,35,Childhood Synovial Sarcoma,,-2.6,2.4,3.4,30230,198,896,14,1.6,0.41,595|1026|2002|3082|3479|4267|4288|4734|5076|6387|9734|26039|26471|65980,CCND1|CDKN1A|ELK1|HGF|IGF1|CD99|MKI67|NEDD4|PAX2|CXCL12|HDAC9|SS18L1|NUPR1|BRD9,-0.85,0
1,-2.6,C0042834,M1,1,0,DisGeNET,35,Vital capacity,,-2.6,1.9,3.2,30230,430,896,24,2.7,0.54,71|350|2122|2869|3479|4052|4299|6239|6942|7145|8425|9611|9734|23301|27086|54102|55553|57117|57619|79058|84444|253827|255743|284058,ACTG1|APOH|MECOM|GRK5|IGF1|LTBP1|AFF1|RREB1|TCF20|TNS1|LTBP4|NCOR1|HDAC9|EHBP1|FOXP1|CLIC6|SOX6|INTS12|SHROOM3|ASPSCR1|DOT1L|MSRB3|NPNT|KANSL1,-0.84,0
1,-2.6,C0029400,M1,1,0,DisGeNET,35,Osteitis,,-2.6,4.3,4,30230,47,896,6,0.67,0.27,2737|6696|10631|53342|54751|54901,GLI3|SPP1|POSTN|IL17D|FBLIM1|CDKAL1,-0.84,0
1,-2.6,C0917805,M1,1,0,DisGeNET,35,Transient Cerebral Ischemia,,-2.6,3.1,3.6,30230,98,896,9,1,0.33,361|972|1636|2147|3479|4854|6696|6934|55872,AQP4|CD74|ACE|F2|IGF1|NOTCH3|SPP1|TCF7L2|PBK,-0.84,0
1,-2.6,C3273019,M1,1,0,DisGeNET,35,Early Hepatocellular Carcinoma,,-2.6,6.7,4.5,30230,20,896,4,0.45,0.22,2147|2719|3479|5101,F2|GPC3|IGF1|PCDH9,-0.84,0
1,-2.6,C0268731,M1,1,0,DisGeNET,35,Renal glomerular disease,,-2.6,2.3,3.4,30230,221,896,15,1.7,0.43,1028|1634|1636|4286|5076|6696|6906|6934|7456|7942|10413|11346|50485|51129|255743,CDKN1C|DCN|ACE|MITF|PAX2|SPP1|SERPINA7|TCF7L2|WIPF1|TFEB|YAP1|SYNPO|SMARCAL1|ANGPTL4|NPNT,-0.83,0
1,-2.6,C1963094,M1,1,0,DisGeNET,35,"Dry Skin, CTCAE",,-2.6,2.7,3.5,30230,137,896,11,1.2,0.37,2073|2961|4286|5116|7200|7319|7737|9325|112752|136647|284058,ERCC5|GTF2E2|MITF|PCNT|TRH|UBE2A|RNF113A|TRIP4|IFT43|MPLKIP|KANSL1,-0.83,0
1,-2.6,C4721806,M1,1,0,DisGeNET,35,"Carcinoma, Basal Cell",,-2.6,1.8,3.1,30230,557,896,29,3.2,0.59,595|1311|1634|1636|2067|2073|2158|2737|3082|3383|3621|3622|4311|4756|5564|6387|6777|6934|9113|10413|10848|10849|29997|54984|55872|57587|57591|79035|400566,CCND1|COMP|DCN|ACE|ERCC1|ERCC5|F9|GLI3|HGF|ICAM1|ING1|ING2|MME|NEO1|PRKAB1|CXCL12|STAT5B|TCF7L2|LATS1|YAP1|PPP1R13L|POLR1G|NOP53|PINX1|PBK|CFAP97|MRTFA|NABP2|LIAT1,-0.83,0
1,-2.6,C0019522,M1,1,0,DisGeNET,35,"Adenoma, Sweat Gland",,-2.6,10,5,30230,10,896,3,0.33,0.19,4311|64784|84441,MME|CRTC3|MAML2,-0.83,0
1,-2.6,C0341862,M1,1,0,DisGeNET,35,Hypothalamic amenorrhea,,-2.6,10,5,30230,10,896,3,0.33,0.19,3479|3487|60676,IGF1|IGFBP4|PAPPA2,-0.83,0
1,-2.6,C1335903,M1,1,0,DisGeNET,35,Mucoepidermoid carcinoma of salivary gland,,-2.6,10,5,30230,10,896,3,0.33,0.19,6387|23373|84441,CXCL12|CRTC1|MAML2,-0.83,0
1,-2.6,C2169795,M1,1,0,DisGeNET,35,Recurrent bronchopulmonary infections,,-2.6,10,5,30230,10,896,3,0.33,0.19,2961|7737|136647,GTF2E2|RNF113A|MPLKIP,-0.83,0
1,-2.6,C4021959,M1,1,0,DisGeNET,35,Round ear,,-2.6,10,5,30230,10,896,3,0.33,0.19,2077|7136|7227,ERF|TNNI2|TRPS1,-0.83,0
1,-2.6,C4688308,M1,1,0,DisGeNET,35,Advanced Lung Non-Squamous Non-Small Cell Carcinoma,,-2.6,10,5,30230,10,896,3,0.33,0.19,3082|3479|7270,HGF|IGF1|TTF1,-0.83,0
1,-2.6,C4518356,M1,1,0,DisGeNET,35,MiT family translocation renal cell carcinoma,,-2.6,5.1,4.1,30230,33,896,5,0.56,0.25,4286|5546|7030|7942|79058,MITF|PRCC|TFE3|TFEB|ASPSCR1,-0.83,0
1,-2.6,C0409974,M1,1,0,DisGeNET,35,Lupus Erythematosus,,-2.6,1.8,3.1,30230,558,896,29,3.2,0.59,350|715|862|1026|1636|1997|2147|3082|3383|4299|4739|4810|5806|6383|6387|6628|6696|8694|9734|9825|10318|11346|53342|57506|57591|57661|59269|83648|84337,APOH|C1R|RUNX1T1|CDKN1A|ACE|ELF1|F2|HGF|ICAM1|AFF1|NEDD9|NHS|PTX3|SDC2|CXCL12|SNRPB|SPP1|DGAT1|HDAC9|SPATA2|TNIP1|SYNPO|IL17D|MAVS|MRTFA|PHRF1|HIVEP3|FAM167A|ELOF1,-0.82,0
1,-2.5,C0154830,M1,1,0,DisGeNET,35,Proliferative diabetic retinopathy,,-2.5,2.4,3.4,30230,180,896,13,1.5,0.4,1636|1948|3082|3383|3479|6091|6387|6934|7424|10631|51129|53342|55105,ACE|EFNB2|HGF|ICAM1|IGF1|ROBO1|CXCL12|TCF7L2|VEGFC|POSTN|ANGPTL4|IL17D|GPATCH2,-0.8,0
1,-2.5,C1840379,M1,1,0,DisGeNET,35,Cerebellar vermis hypoplasia,,-2.5,3,3.6,30230,100,896,9,1,0.33,2719|7703|23247|27086|27245|54806|57724|65062|79848,GPC3|PCGF2|KATNIP|FOXP1|AHDC1|AHI1|EPG5|TMEM237|CSPP1,-0.8,0
1,-2.5,C0524587,M1,1,0,DisGeNET,35,Mean Corpuscular Volume (result),,-2.5,2.1,3.3,30230,269,896,17,1.9,0.46,605|3046|4299|8766|8897|10723|11030|11143|23112|27086|29911|55553|57010|81558|83986|147339|284058,BCL7A|HBE1|AFF1|RAB11A|MTMR3|SLC12A7|RBPMS|KAT7|TNRC6B|FOXP1|HOOK2|SOX6|CABP4|FAM117A|FAM234A|ARK2N|KANSL1,-0.79,0
1,-2.5,C0007124,M1,1,0,DisGeNET,35,Noninfiltrating Intraductal Carcinoma,,-2.5,1.8,3.1,30230,486,896,26,2.9,0.56,595|607|664|665|1026|1475|1611|3082|3383|3667|4288|4311|4854|6281|6387|6777|7227|8660|9547|9611|9620|9846|10631|27086|29108|55872,CCND1|BCL9|BNIP3|BNIP3L|CDKN1A|CSTA|DAP|HGF|ICAM1|IRS1|MKI67|MME|NOTCH3|S100A10|CXCL12|STAT5B|TRPS1|IRS2|CXCL14|NCOR1|CELSR1|GAB2|POSTN|FOXP1|PYCARD|PBK,-0.79,0
1,-2.5,C1184919,M1,1,0,DisGeNET,35,Thoracic kyphosis,,-2.5,6.4,4.3,30230,21,896,4,0.45,0.22,2961|7737|50485|136647,GTF2E2|RNF113A|SMARCAL1|MPLKIP,-0.78,0
1,-2.5,C1512694,M1,1,0,DisGeNET,35,Increased Cellularity Present,,-2.5,6.4,4.3,30230,21,896,4,0.45,0.22,595|664|4288|6938,CCND1|BNIP3|MKI67|TCF12,-0.78,0
1,-2.5,C3811653,M1,1,0,DisGeNET,35,Experimental Organism Basal Cell Carcinoma,,-2.5,1.9,3.1,30230,437,896,24,2.7,0.54,595|1311|1634|1636|2067|2737|3082|3383|3621|3622|4311|4756|5564|6387|6777|6934|9113|10413|10848|10849|54984|55872|79035|400566,CCND1|COMP|DCN|ACE|ERCC1|GLI3|HGF|ICAM1|ING1|ING2|MME|NEO1|PRKAB1|CXCL12|STAT5B|TCF7L2|LATS1|YAP1|PPP1R13L|POLR1G|PINX1|PBK|NABP2|LIAT1,-0.78,0
1,-2.5,C0007133,M1,1,0,DisGeNET,35,"Carcinoma, Papillary",,-2.5,2.2,3.3,30230,225,896,15,1.7,0.43,361|595|2158|2719|3479|4060|4288|6281|6383|7227|7270|7424|26471|151887|100131187,AQP4|CCND1|F9|GPC3|IGF1|LUM|MKI67|S100A10|SDC2|TRPS1|TTF1|VEGFC|NUPR1|CCDC80|TSTD1,-0.78,0
1,-2.5,C2675021,M1,1,0,DisGeNET,35,Narrow palpebral fissure,,-2.5,5,4,30230,34,896,5,0.56,0.25,5116|7703|8220|10082|54487,PCNT|PCGF2|ESS2|GPC6|DGCR8,-0.78,0
1,-2.5,C4721208,M1,1,0,DisGeNET,35,Metastatic castration-resistant prostate cancer,,-2.5,2.7,3.4,30230,140,896,11,1.2,0.37,166|1113|1163|2067|5978|6660|6696|8805|9734|10631|23373,TLE5|CHGA|CKS1B|ERCC1|REST|SOX5|SPP1|TRIM24|HDAC9|POSTN|CRTC1,-0.78,0
1,-2.5,C0026846,M1,1,0,DisGeNET,35,Muscular Atrophy,,-2.5,4.1,3.8,30230,49,896,6,0.67,0.27,868|3297|3479|4734|9804|25937,CBLB|HSF1|IGF1|NEDD4|TOMM20|WWTR1,-0.78,0
1,-2.5,C0036220,M1,1,0,DisGeNET,35,Kaposi Sarcoma,,-2.5,1.8,3.1,30230,488,896,26,2.9,0.56,320|595|1026|1634|1948|2162|3014|3082|3383|3479|3660|4288|5076|5806|6239|6387|7424|8772|10318|10413|10524|26103|51129|84260|84939|136647,APBA1|CCND1|CDKN1A|DCN|EFNB2|F13A1|H2AX|HGF|ICAM1|IGF1|IRF2|MKI67|PAX2|PTX3|RREB1|CXCL12|VEGFC|FADD|TNIP1|YAP1|KAT5|LRIT1|ANGPTL4|TCHP|PWWP3A|MPLKIP,-0.77,0
1,-2.5,C4317009,M1,1,0,DisGeNET,35,Diverticular Diseases,,-2.5,3.3,3.6,30230,83,896,8,0.89,0.31,5125|7145|7227|8772|10653|23112|57512|392617,PCSK5|TNS1|TRPS1|FADD|SPINT2|TNRC6B|GPR158|ELFN1,-0.77,0
1,-2.5,C1134719,M1,1,0,DisGeNET,35,Invasive Ductal Breast Carcinoma,,-2.5,1.9,3.1,30230,414,896,23,2.6,0.53,361|595|1026|1475|1634|2662|3082|3667|4288|4854|6387|6489|6696|9547|9825|10631|29997|54487|57575|64285|80760|84260|116840,AQP4|CCND1|CDKN1A|CSTA|DCN|GDF10|HGF|IRS1|MKI67|NOTCH3|CXCL12|ST8SIA1|SPP1|CXCL14|SPATA2|POSTN|NOP53|DGCR8|PCDH10|RHBDF1|ITIH5|TCHP|CNTROB,-0.77,0
1,-2.5,C0035412,M1,1,0,DisGeNET,35,Rhabdomyosarcoma,,-2.5,1.7,3.1,30230,565,896,29,3.2,0.59,595|858|1026|1028|2719|2737|3014|3082|3383|3479|3489|3667|4267|4288|4810|4854|6387|6696|6909|7030|7138|7903|8772|9734|9759|10252|10413|23528|58191,CCND1|CAV2|CDKN1A|CDKN1C|GPC3|GLI3|H2AX|HGF|ICAM1|IGF1|IGFBP6|IRS1|CD99|MKI67|NHS|NOTCH3|CXCL12|SPP1|TBX2|TFE3|TNNT1|ST8SIA4|FADD|HDAC9|HDAC4|SPRY1|YAP1|ZNF281|CXCL16,-0.77,0
1,-2.5,C0033036,M1,1,0,DisGeNET,35,Atrial Premature Complexes,,-2.5,2.4,3.3,30230,183,896,13,1.5,0.4,350|595|972|2737|3014|6387|6925|6934|8658|10018|10297|10413|64285,APOH|CCND1|CD74|GLI3|H2AX|CXCL12|TCF4|TCF7L2|TNKS|BCL2L11|APC2|YAP1|RHBDF1,-0.76,0
1,-2.5,C0205647,M1,1,0,DisGeNET,35,Follicular adenoma,,-2.5,2.4,3.3,30230,183,896,13,1.5,0.4,361|972|1026|1636|2158|2719|3014|3082|3479|5126|6383|10631|100131187,AQP4|CD74|CDKN1A|ACE|F9|GPC3|H2AX|HGF|IGF1|PCSK2|SDC2|POSTN|TSTD1,-0.76,0
1,-2.5,C0200641,M1,1,0,DisGeNET,35,Blood basophil count (lab test),,-2.5,2.1,3.2,30230,272,896,17,1.9,0.46,770|1611|2687|4299|6239|10018|10318|10723|11030|22807|51274|54806|59269|83986|113263|147339|284058,CA11|DAP|GGT5|AFF1|RREB1|BCL2L11|TNIP1|SLC12A7|RBPMS|IKZF2|KLF3|AHI1|HIVEP3|FAM234A|GLCCI1|ARK2N|KANSL1,-0.76,0
1,-2.5,C1512981,M1,1,0,DisGeNET,35,Mammary Tumorigenesis,,-2.5,2.5,3.3,30230,162,896,12,1.3,0.38,595|664|3082|3297|3479|6482|8660|9846|10524|10631|64285|283149,CCND1|BNIP3|HGF|HSF1|IGF1|ST3GAL1|IRS2|GAB2|KAT5|POSTN|RHBDF1|BCL9L,-0.76,0
1,-2.5,C0037369,M1,1,0,DisGeNET,35,Smoking,,-2.5,1.9,3.1,30230,391,896,22,2.5,0.52,1946|2104|4052|5101|5980|6934|9478|9760|10010|54984|55833|56987|64084|64375|89796|119587|146059|151647|158038|283899|340527|768211,EFNA5|ESRRG|LTBP1|PCDH9|REV3L|TCF7L2|CABP1|TOX|TANK|PINX1|UBAP2|BBX|CLSTN2|IKZF4|NAV1|CPXM2|CDAN1|TAFA4|LINGO2|INO80E|NHSL2|RELL1,-0.76,0
1,-2.5,C0016059,M1,1,0,DisGeNET,35,Fibrosis,,-2.5,2.4,3.3,30230,184,896,13,1.5,0.4,595|1026|1634|1636|3082|3383|3479|4060|4288|6387|6696|9759|80310,CCND1|CDKN1A|DCN|ACE|HGF|ICAM1|IGF1|LUM|MKI67|CXCL12|SPP1|HDAC4|PDGFD,-0.75,0
1,-2.5,C0206702,M1,1,0,DisGeNET,35,Klatskin Tumor,,-2.5,4,3.8,30230,50,896,6,0.67,0.27,595|3082|4311|6383|6925|84939,CCND1|HGF|MME|SDC2|TCF4|PWWP3A,-0.75,0
1,-2.5,C1392786,M1,1,0,DisGeNET,35,Cognitive changes,,-2.5,4,3.8,30230,50,896,6,0.67,0.27,1026|1501|1636|3479|3667|25978,CDKN1A|CTNND2|ACE|IGF1|IRS1|CHMP2B,-0.75,0
1,-2.5,C1306889,M1,1,0,DisGeNET,35,Peripheral arterial occlusive disease,,-2.5,4.8,4,30230,35,896,5,0.56,0.25,629|1636|2147|3383|10631,CFB|ACE|F2|ICAM1|POSTN,-0.75,0
1,-2.5,C1704230,M1,1,0,DisGeNET,35,Grade I Astrocytoma,,-2.5,4.8,4,30230,35,896,5,0.56,0.25,3082|4501|9113|57670|255231,HGF|MT1X|LATS1|KIAA1549|MCOLN2,-0.75,0
1,-2.5,C1843496,M1,1,0,DisGeNET,35,Bilateral microphthalmos,,-2.5,4.8,4,30230,35,896,5,0.56,0.25,2067|2961|7737|10413|136647,ERCC1|GTF2E2|RNF113A|YAP1|MPLKIP,-0.75,0
1,-2.4,C0206743,M1,1,0,DisGeNET,35,Rhabdoid Tumor,,-2.4,2.9,3.5,30230,103,896,9,1,0.33,595|1026|1028|2719|3479|4288|6696|23373|65980,CCND1|CDKN1A|CDKN1C|GPC3|IGF1|MKI67|SPP1|CRTC1|BRD9,-0.74,0
1,-2.4,C0520947,M1,1,0,DisGeNET,35,Clumsiness - motor delay,,-2.4,1.9,3.1,30230,393,896,22,2.5,0.52,2961|3479|4703|4854|5662|5980|6660|6925|7138|8425|9289|9325|9640|27086|50485|55033|56776|57724|84668|131377|220296|644096,GTF2E2|IGF1|NEB|NOTCH3|PSD|REV3L|SOX5|TCF4|TNNT1|LTBP4|ADGRG1|TRIP4|ZNF592|FOXP1|SMARCAL1|FKBP14|FMN2|EPG5|HYCC1|KLHL40|HEPACAM|SDHAF1,-0.74,0
1,-2.4,C0241267,M1,1,0,DisGeNET,35,Absence of subcutaneous fat,,-2.4,9.2,4.8,30230,11,896,3,0.33,0.19,2961|7737|136647,GTF2E2|RNF113A|MPLKIP,-0.74,0
1,-2.4,C1533161,M1,1,0,DisGeNET,35,Eccrine Poroma,,-2.4,9.2,4.8,30230,11,896,3,0.33,0.19,10413|25937|84441,YAP1|WWTR1|MAML2,-0.74,0
1,-2.4,C0238286,M1,1,0,DisGeNET,35,Mucolipidosis Type IV,,-2.4,6.1,4.2,30230,22,896,4,0.45,0.22,4703|7942|23373|255231,NEB|TFEB|CRTC1|MCOLN2,-0.74,0
1,-2.4,C0423820,M1,1,0,DisGeNET,35,Ridged nails,,-2.4,6.1,4.2,30230,22,896,4,0.45,0.22,1947|2961|7737|136647,EFNB1|GTF2E2|RNF113A|MPLKIP,-0.74,0
1,-2.4,C0240543,M1,1,0,DisGeNET,35,Bulbous nose,,-2.4,2.7,3.4,30230,123,896,10,1.1,0.35,6239|6660|6942|7227|8220|50485|51322|54487|83987|284058,RREB1|SOX5|TCF20|TRPS1|ESS2|SMARCAL1|WAC|DGCR8|CCDC8|KANSL1,-0.74,0
1,-2.4,C1857042,M1,1,0,DisGeNET,35,Sparse scalp hair,,-2.4,3.2,3.5,30230,85,896,8,0.89,0.31,2961|5116|7227|7703|7737|9759|25959|136647,GTF2E2|PCNT|TRPS1|PCGF2|RNF113A|HDAC4|KANK2|MPLKIP,-0.73,0
1,-2.4,C0341038,M1,1,0,DisGeNET,35,Jaw Keratocyst,,-2.4,4,3.7,30230,51,896,6,0.67,0.27,595|1026|2158|2737|4288|4311,CCND1|CDKN1A|F9|GLI3|MKI67|MME,-0.72,0
1,-2.4,C3896960,M1,1,0,DisGeNET,35,Childhood Pre-B Acute Lymphoblastic Leukemia,,-2.4,4,3.7,30230,51,896,6,0.67,0.27,862|2122|4299|4311|54751|56776,RUNX1T1|MECOM|AFF1|MME|FBLIM1|FMN2,-0.72,0
1,-2.4,C2677123,M1,1,0,DisGeNET,35,"COLORECTAL CANCER, SUSCEPTIBILITY TO, 3",,-2.4,2.5,3.3,30230,165,896,12,1.3,0.38,2044|6047|6934|7942|55094|56478|64784|79870|84294|84969|152485|162427,EPHA5|RNF4|TCF7L2|TFEB|GPATCH1|EIF4ENIF1|CRTC3|BAALC|UTP23|TOX2|ZNF827|RETREG3,-0.72,0
1,-2.4,C0008626,M1,1,0,DisGeNET,35,Congenital chromosomal disease,,-2.4,1.6,3,30230,756,896,36,4,0.66,595|605|862|1028|1163|1611|1636|2067|2073|2122|2158|2737|3014|3082|3667|4211|4267|4288|4300|4311|5076|5116|6239|7942|9759|11135|23373|26039|27086|50485|51720|55872|79870|84132|84441|219541,CCND1|BCL7A|RUNX1T1|CDKN1C|CKS1B|DAP|ACE|ERCC1|ERCC5|MECOM|F9|GLI3|H2AX|HGF|IRS1|MEIS1|CD99|MKI67|MLLT3|MME|PAX2|PCNT|RREB1|TFEB|HDAC4|CDC42EP1|CRTC1|SS18L1|FOXP1|SMARCAL1|UIMC1|PBK|BAALC|USP42|MAML2|MED19,-0.72,0
1,-2.4,C0392514,M1,1,0,DisGeNET,35,Hereditary hemochromatosis,,-2.4,2.1,3.1,30230,254,896,16,1.8,0.44,2719|2737|3082|3383|3489|4634|4756|6925|7200|7424|8766|9734|9843|23373|25978|29997,GPC3|GLI3|HGF|ICAM1|IGFBP6|MYL3|NEO1|TCF4|TRH|VEGFC|RAB11A|HDAC9|HEPH|CRTC1|CHMP2B|NOP53,-0.71,0
1,-2.4,C0878659,M1,1,0,DisGeNET,35,Disproportionate short stature,,-2.4,3.1,3.5,30230,86,896,8,0.89,0.31,1028|1311|2737|4750|5116|7227|10082|50485,CDKN1C|COMP|GLI3|NEK1|PCNT|TRPS1|GPC6|SMARCAL1,-0.71,0
1,-2.4,C1378050,M1,1,0,DisGeNET,35,Oncocytic Neoplasm,,-2.4,2.9,3.4,30230,105,896,9,1,0.33,595|1039|3479|4286|5076|7030|7942|84335|400566,CCND1|CDR2|IGF1|MITF|PAX2|TFE3|TFEB|AKT1S1|LIAT1,-0.71,0
1,-2.4,C0740392,M1,1,0,DisGeNET,35,"Infarction, Middle Cerebral Artery",,-2.4,2.6,3.3,30230,145,896,11,1.2,0.37,361|664|665|1636|3383|3479|8772|9734|9759|23373|63827,AQP4|BNIP3|BNIP3L|ACE|ICAM1|IGF1|FADD|HDAC9|HDAC4|CRTC1|BCAN,-0.71,0
1,-2.4,C1837315,M1,1,0,DisGeNET,35,"COLORECTAL CANCER, SUSCEPTIBILITY TO, 1",,-2.4,2.4,3.2,30230,166,896,12,1.3,0.38,2044|6047|6934|7942|55094|56478|64784|79870|84294|84969|152485|162427,EPHA5|RNF4|TCF7L2|TFEB|GPATCH1|EIF4ENIF1|CRTC3|BAALC|UTP23|TOX2|ZNF827|RETREG3,-0.71,0
1,-2.4,C2675481,M1,1,0,DisGeNET,35,"COLORECTAL CANCER, SUSCEPTIBILITY TO, 10",,-2.4,2.4,3.2,30230,166,896,12,1.3,0.38,2044|6047|6934|7942|55094|56478|64784|79870|84294|84969|152485|162427,EPHA5|RNF4|TCF7L2|TFEB|GPATCH1|EIF4ENIF1|CRTC3|BAALC|UTP23|TOX2|ZNF827|RETREG3,-0.71,0
1,-2.4,C3554460,M1,1,0,DisGeNET,35,"COLORECTAL CANCER, SUSCEPTIBILITY TO, 12",,-2.4,2.4,3.2,30230,166,896,12,1.3,0.38,2044|6047|6934|7942|55094|56478|64784|79870|84294|84969|152485|162427,EPHA5|RNF4|TCF7L2|TFEB|GPATCH1|EIF4ENIF1|CRTC3|BAALC|UTP23|TOX2|ZNF827|RETREG3,-0.71,0
1,-2.4,C0279530,M1,1,0,DisGeNET,35,Malignant Bone Neoplasm,,-2.4,2.7,3.3,30230,125,896,10,1.1,0.35,5978|6091|6387|6696|9734|10018|11346|23373|27086|57468,REST|ROBO1|CXCL12|SPP1|HDAC9|BCL2L11|SYNPO|CRTC1|FOXP1|SLC12A5,-0.7,0
1,-2.4,C0008924,M1,1,0,DisGeNET,35,Cleft upper lip,,-2.4,2.1,3.1,30230,255,896,16,1.8,0.44,1947|2049|2104|2162|2719|2737|6909|8897|9411|9723|27324|55975|56006|57619|57724|284058,EFNB1|EPHB3|ESRRG|F13A1|GPC3|GLI3|TBX2|MTMR3|ARHGAP29|SEMA3E|TOX3|KLHL7|SMG9|SHROOM3|EPG5|KANSL1,-0.7,0
1,-2.4,C0042345,M1,1,0,DisGeNET,35,Varicosity,,-2.4,2.3,3.2,30230,188,896,13,1.5,0.4,858|2147|3383|4854|6239|6281|6696|7200|7424|25959|29108|51564|54714,CAV2|F2|ICAM1|NOTCH3|RREB1|S100A10|SPP1|TRH|VEGFC|KANK2|PYCARD|HDAC7|CNGB3,-0.7,0
1,-2.4,C0234533,M1,1,0,DisGeNET,35,Generalized seizures,,-2.4,2.2,3.2,30230,210,896,14,1.6,0.41,1501|2961|5978|6529|6792|6925|7200|7737|9289|56776|57468|136647|348980|401474,CTNND2|GTF2E2|REST|SLC6A1|CDKL5|TCF4|TRH|RNF113A|ADGRG1|FMN2|SLC12A5|MPLKIP|HCN1|SAMD12,-0.7,0
1,-2.4,C4054727,M1,1,0,DisGeNET,35,Infant Acute Lymphoblastic Leukemia,,-2.4,3.9,3.6,30230,52,896,6,0.67,0.27,862|4211|4299|4311|9734|27125,RUNX1T1|MEIS1|AFF1|MME|HDAC9|AFF4,-0.69,0
1,-2.4,C0677898,M1,1,0,DisGeNET,35,invasive cancer,,-2.4,2.5,3.3,30230,146,896,11,1.2,0.37,595|664|1026|1164|2147|3383|4810|6696|10631|57575|57591,CCND1|BNIP3|CDKN1A|CKS2|F2|ICAM1|NHS|SPP1|POSTN|PCDH10|MRTFA,-0.69,0
1,-2.4,C1837463,M1,1,0,DisGeNET,35,Narrow face,,-2.4,3.1,3.4,30230,87,896,8,0.89,0.31,4286|4703|4810|4854|5116|7136|9723|51132,MITF|NEB|NHS|NOTCH3|PCNT|TNNI2|SEMA3E|RLIM,-0.69,0
1,-2.4,C1846223,M1,1,0,DisGeNET,35,Adrenal hypoplasia,,-2.4,5.9,4.1,30230,23,896,4,0.45,0.22,1028|2737|6091|89884,CDKN1C|GLI3|ROBO1|LHX4,-0.69,0
1,-2.4,C0024131,M1,1,0,DisGeNET,35,Lupus Vulgaris,,-2.4,1.7,3,30230,526,896,27,3,0.57,350|862|1026|1636|1997|2147|3082|4299|4739|4810|5806|6383|6387|6628|6696|8694|9734|9825|10318|11346|53342|57506|57591|57661|59269|83648|84337,APOH|RUNX1T1|CDKN1A|ACE|ELF1|F2|HGF|AFF1|NEDD9|NHS|PTX3|SDC2|CXCL12|SNRPB|SPP1|DGAT1|HDAC9|SPATA2|TNIP1|SYNPO|IL17D|MAVS|MRTFA|PHRF1|HIVEP3|FAM167A|ELOF1,-0.69,0
1,-2.4,C0376634,M1,1,0,DisGeNET,35,Craniofacial Abnormalities,,-2.4,2.2,3.1,30230,234,896,15,1.7,0.43,71|1947|2077|2737|3166|4335|6925|7227|8772|10082|54901|63906|129804|158038|284058,ACTG1|EFNB1|ERF|GLI3|HMX1|MNT|TCF4|TRPS1|FADD|GPC6|CDKAL1|GPATCH3|FBLN7|LINGO2|KANSL1,-0.68,0
1,-2.4,C0024138,M1,1,0,DisGeNET,35,"Lupus Erythematosus, Discoid",,-2.4,1.7,2.9,30230,552,896,28,3.1,0.58,350|715|862|1026|1636|1997|2147|3082|4299|4739|4810|5806|6383|6387|6628|6696|8694|9734|9825|10318|11346|53342|57506|57591|57661|59269|83648|84337,APOH|C1R|RUNX1T1|CDKN1A|ACE|ELF1|F2|HGF|AFF1|NEDD9|NHS|PTX3|SDC2|CXCL12|SNRPB|SPP1|DGAT1|HDAC9|SPATA2|TNIP1|SYNPO|IL17D|MAVS|MRTFA|PHRF1|HIVEP3|FAM167A|ELOF1,-0.68,0
1,-2.3,C0030297,M1,1,0,DisGeNET,35,Pancreatic Neoplasm,,-2.3,1.6,2.9,30230,764,896,36,4,0.66,595|664|1028|1113|1634|2067|3082|3083|3297|3383|3479|3660|3667|4060|4286|4311|4772|4854|4885|6281|6387|6696|7424|8553|8660|9289|9500|9547|9734|10631|25937|27086|51129|51564|58191|80310,CCND1|BNIP3|CDKN1C|CHGA|DCN|ERCC1|HGF|HGFAC|HSF1|ICAM1|IGF1|IRF2|IRS1|LUM|MITF|MME|NFATC1|NOTCH3|NPTX2|S100A10|CXCL12|SPP1|VEGFC|BHLHE40|IRS2|ADGRG1|MAGED1|CXCL14|HDAC9|POSTN|WWTR1|FOXP1|ANGPTL4|HDAC7|CXCL16|PDGFD,-0.67,0
1,-2.3,C4551687,M1,1,0,DisGeNET,35,Sarcoma of soft tissue,,-2.3,2.1,3.1,30230,258,896,16,1.8,0.44,1028|2719|3479|3621|3622|4286|5806|6320|6696|7030|7424|9113|9759|10413|23528|79058,CDKN1C|GPC3|IGF1|ING1|ING2|MITF|PTX3|CLEC11A|SPP1|TFE3|VEGFC|LATS1|HDAC4|YAP1|ZNF281|ASPSCR1,-0.67,0
1,-2.3,C0151864,M1,1,0,DisGeNET,35,Disorder of pregnancy,,-2.3,8.4,4.5,30230,12,896,3,0.33,0.19,3082|3133|60676,HGF|HLA-E|PAPPA2,-0.67,0
1,-2.3,C1837758,M1,1,0,DisGeNET,35,Bird-like facies,,-2.3,8.4,4.5,30230,12,896,3,0.33,0.19,2961|7737|136647,GTF2E2|RNF113A|MPLKIP,-0.67,0
1,-2.3,C1848873,M1,1,0,DisGeNET,35,Abnormality of the diaphragm,,-2.3,8.4,4.5,30230,12,896,3,0.33,0.19,1634|4703|131377,DCN|NEB|KLHL40,-0.67,0
1,-2.3,C4024949,M1,1,0,DisGeNET,35,Generalized hyperreflexia,,-2.3,8.4,4.5,30230,12,896,3,0.33,0.19,2961|7737|136647,GTF2E2|RNF113A|MPLKIP,-0.67,0
1,-2.3,C0266551,M1,1,0,DisGeNET,35,Congenital coloboma of iris,,-2.3,2.5,3.2,30230,148,896,11,1.2,0.37,71|2077|2619|4854|9723|10413|23247|54539|54806|65062|79848,ACTG1|ERF|GAS1|NOTCH3|SEMA3E|YAP1|KATNIP|NDUFB11|AHI1|TMEM237|CSPP1,-0.67,0
1,-2.3,C0025362,M1,1,0,DisGeNET,35,Mental Retardation,,-2.3,1.7,2.9,30230,504,896,26,2.9,0.56,361|862|1501|1947|2158|2662|2719|3479|4155|4661|4734|6792|6925|6938|6942|7319|9640|22871|23054|27086|51322|54806|57555|65055|140733|220296,AQP4|RUNX1T1|CTNND2|EFNB1|F9|GDF10|GPC3|IGF1|MBP|MYT1|NEDD4|CDKL5|TCF4|TCF12|TCF20|UBE2A|ZNF592|NLGN1|NCOA6|FOXP1|WAC|AHI1|NLGN2|REEP1|MACROD2|HEPACAM,-0.66,0
1,-2.3,C0428472,M1,1,0,DisGeNET,35,Serum HDL cholesterol measurement,,-2.3,2,3,30230,283,896,17,1.9,0.46,2147|3082|3383|3479|4854|7200|7227|9388|9530|9611|22864|51129|54901|55553|56776|80310|83892,F2|HGF|ICAM1|IGF1|NOTCH3|TRH|TRPS1|LIPG|BAG4|NCOR1|R3HDM2|ANGPTL4|CDKAL1|SOX6|FMN2|PDGFD|KCTD10,-0.66,0
1,-2.3,C0266011,M1,1,0,DisGeNET,35,Accessory nipple,,-2.3,4.4,3.7,30230,38,896,5,0.56,0.25,2719|6925|9759|55975|79848,GPC3|TCF4|HDAC4|KLHL7|CSPP1,-0.65,0
1,-2.3,C0042167,M1,1,0,DisGeNET,35,"Uveitis, Posterior",,-2.3,5.6,4,30230,24,896,4,0.45,0.22,1636|3383|27086|53342,ACE|ICAM1|FOXP1|IL17D,-0.65,0
1,-2.3,C1862475,M1,1,0,DisGeNET,35,Abnormality of retinal pigmentation,,-2.3,2.2,3.1,30230,215,896,14,1.6,0.41,2067|2073|4286|5148|26146|54539|54714|54806|55975|57670|57724|84140|646960|768206,ERCC1|ERCC5|MITF|PDE6G|TRAF3IP1|NDUFB11|CNGB3|AHI1|KLHL7|KIAA1549|EPG5|FAM161A|PRSS56|PRCD,-0.65,0
1,-2.3,C0236664,M1,1,0,DisGeNET,35,Alcohol-Related Disorders,,-2.3,3.7,3.5,30230,54,896,6,0.67,0.27,2104|2869|9607|10150|11278|22997,ESRRG|GRK5|CARTPT|MBNL2|KLF12|IGSF9B,-0.65,0
1,-2.3,C3160889,M1,1,0,DisGeNET,35,Node-negative breast cancer,,-2.3,3.7,3.5,30230,54,896,6,0.67,0.27,3014|3479|6696|7424|8601|80760,H2AX|IGF1|SPP1|VEGFC|RGS20|ITIH5,-0.65,0
1,-2.3,C0027868,M1,1,0,DisGeNET,35,Neuromuscular Diseases,,-2.3,2.4,3.1,30230,171,896,12,1.3,0.38,858|1611|1636|3082|3479|4703|7138|8926|9325|11155|131377|400916,CAV2|DAP|ACE|HGF|IGF1|NEB|TNNT1|SNURF|TRIP4|LDB3|KLHL40|CHCHD10,-0.65,0
1,-2.3,C0221352,M1,1,0,DisGeNET,35,Syndactyly of fingers,,-2.3,2.4,3.1,30230,171,896,12,1.3,0.38,1501|1947|2077|2122|2719|2737|3955|4750|5980|9759|92482|112752,CTNND2|EFNB1|ERF|MECOM|GPC3|GLI3|LFNG|NEK1|REV3L|HDAC4|BBIP1|IFT43,-0.65,0
1,-2.3,C0009363,M1,1,0,DisGeNET,35,Congenital ocular coloboma (disorder),,-2.3,2.6,3.2,30230,129,896,10,1.1,0.35,71|3166|4286|5076|6909|8772|10413|10653|65062|84260,ACTG1|HMX1|MITF|PAX2|TBX2|FADD|YAP1|SPINT2|TMEM237|TCHP,-0.65,0
1,-2.3,C0005845,M1,1,0,DisGeNET,35,Blood urea nitrogen measurement,,-2.3,3,3.3,30230,90,896,8,0.89,0.31,2122|4772|7059|11030|22864|57619|64897|79948,MECOM|NFATC1|THBS3|RBPMS|R3HDM2|SHROOM3|C12orf43|PLPPR3,-0.64,0
1,-2.3,C0025990,M1,1,0,DisGeNET,35,Micrognathism,,-2.3,1.7,2.9,30230,586,896,29,3.2,0.59,71|715|2067|2073|2737|3479|4286|4703|4750|4854|5116|5980|6239|6628|7136|7227|8270|8425|9723|10082|10297|27245|51132|54539|55906|57724|79848|84294|112752,ACTG1|C1R|ERCC1|ERCC5|GLI3|IGF1|MITF|NEB|NEK1|NOTCH3|PCNT|REV3L|RREB1|SNRPB|TNNI2|TRPS1|LAGE3|LTBP4|SEMA3E|GPC6|APC2|AHDC1|RLIM|NDUFB11|ZC4H2|EPG5|CSPP1|UTP23|IFT43,-0.63,0
1,-2.3,C2316810,M1,1,0,DisGeNET,35,Chronic kidney disease stage 5,,-2.3,1.6,2.8,30230,665,896,32,3.6,0.62,664|822|1113|1636|1948|2147|3082|3383|3479|3667|4211|5076|5564|5806|6239|6281|6387|6696|6934|7456|7903|9734|10133|10318|10631|26146|50485|54806|55906|58191|65983|153222,BNIP3|CAPG|CHGA|ACE|EFNB2|F2|HGF|ICAM1|IGF1|IRS1|MEIS1|PAX2|PRKAB1|PTX3|RREB1|S100A10|CXCL12|SPP1|TCF7L2|WIPF1|ST8SIA4|HDAC9|OPTN|TNIP1|POSTN|TRAF3IP1|SMARCAL1|AHI1|ZC4H2|CXCL16|GRAMD2B|CREBRF,-0.63,0
1,-2.3,C0018498,M1,1,0,DisGeNET,35,Hair Color,,-2.3,2.6,3.2,30230,130,896,10,1.1,0.35,361|4286|5148|6942|9686|9846|54901|55553|56776|124045,AQP4|MITF|PDE6G|TCF20|VGLL4|GAB2|CDKAL1|SOX6|FMN2|SPATA33,-0.63,0
1,-2.3,C0002726,M1,1,0,DisGeNET,35,Amyloidosis,,-2.3,1.6,2.8,30230,693,896,33,3.7,0.63,333|361|595|862|972|1634|1636|3297|3479|3621|3667|4155|4299|4311|4653|4744|4900|5806|6387|6696|7942|8766|9607|9734|9804|10018|10133|10524|22871|23373|25978|29108|55850,APLP1|AQP4|CCND1|RUNX1T1|CD74|DCN|ACE|HSF1|IGF1|ING1|IRS1|MBP|AFF1|MME|MYOC|NEFH|NRGN|PTX3|CXCL12|SPP1|TFEB|RAB11A|CARTPT|HDAC9|TOMM20|BCL2L11|OPTN|KAT5|NLGN1|CRTC1|CHMP2B|PYCARD|USE1,-0.62,0
1,-2.3,C3888194,M1,1,0,DisGeNET,35,MIXED LINEAGE LEUKEMIA,,-2.3,2.1,3,30230,240,896,15,1.7,0.43,173|595|862|2122|3082|3479|4211|4299|4300|4311|9734|10524|10529|27125|84444,AFM|CCND1|RUNX1T1|MECOM|HGF|IGF1|MEIS1|AFF1|MLLT3|MME|HDAC9|KAT5|NEBL|AFF4|DOT1L,-0.62,0
1,-2.2,C0220636,M1,1,0,DisGeNET,35,Malignant neoplasm of salivary gland,,-2.2,3,3.3,30230,91,896,8,0.89,0.31,595|1026|3082|6387|6777|23373|80303|84441,CCND1|CDKN1A|HGF|CXCL12|STAT5B|CRTC1|EFHD1|MAML2,-0.62,0
1,-2.2,C1956089,M1,1,0,DisGeNET,35,Osteophyte,,-2.2,3,3.3,30230,91,896,8,0.89,0.31,822|3479|6239|6696|7286|8751|9759|84444,CAPG|IGF1|RREB1|SPP1|TUFT1|ADAM15|HDAC4|DOT1L,-0.62,0
1,-2.2,C0013528,M1,1,0,DisGeNET,35,Echolalia,,-2.2,4.3,3.6,30230,39,896,5,0.56,0.25,71|6925|7319|25978|54539,ACTG1|TCF4|UBE2A|CHMP2B|NDUFB11,-0.62,0
1,-2.2,C4022588,M1,1,0,DisGeNET,35,Fatigable weakness of swallowing muscles,,-2.2,4.3,3.6,30230,39,896,5,0.56,0.25,4744|4750|10133|25978|400916,NEFH|NEK1|OPTN|CHMP2B|CHCHD10,-0.62,0
1,-2.2,C0041696,M1,1,0,DisGeNET,35,Unipolar Depression,,-2.2,1.6,2.8,30230,641,896,31,3.5,0.61,361|595|607|1454|1501|1636|3479|3697|4900|4969|5101|5116|5806|6281|6925|7200|8553|8658|9607|9734|23051|29108|57512|57555|64084|79365|84530|84969|112464|266727|348980,AQP4|CCND1|BCL9|CSNK1E|CTNND2|ACE|IGF1|ITIH1|NRGN|OGN|PCDH9|PCNT|PTX3|S100A10|TCF4|TRH|BHLHE40|TNKS|CARTPT|HDAC9|ZHX3|PYCARD|GPR158|NLGN2|CLSTN2|BHLHE41|SRRM4|TOX2|CAVIN3|MDGA1|HCN1,-0.62,0
1,-2.2,C0018799,M1,1,0,DisGeNET,35,Heart Diseases,,-2.2,1.7,2.8,30230,537,896,27,3,0.57,664|665|1489|1636|1824|1946|2147|2869|3082|3297|3383|3479|3597|4634|4734|4772|5564|5978|6387|6696|6925|9843|10220|11155|23054|55859|257397,BNIP3|BNIP3L|CTF1|ACE|DSC2|EFNA5|F2|GRK5|HGF|HSF1|ICAM1|IGF1|IL13RA1|MYL3|NEDD4|NFATC1|PRKAB1|REST|CXCL12|SPP1|TCF4|HEPH|GDF11|LDB3|NCOA6|BEX1|TAB3,-0.61,0
1,-2.2,C0403397,M1,1,0,DisGeNET,35,Steroid-resistant nephrotic syndrome,,-2.2,3.2,3.3,30230,73,896,7,0.78,0.29,1636|5076|8270|8766|50485|55243|57017,ACE|PAX2|LAGE3|RAB11A|SMARCAL1|KIRREL1|COQ9,-0.61,0
1,-2.2,C3266102,M1,1,0,DisGeNET,35,Steroid resistant nephrotic syndrome of childhood,,-2.2,3.2,3.3,30230,73,896,7,0.78,0.29,1636|5076|8270|8766|50485|55243|57017,ACE|PAX2|LAGE3|RAB11A|SMARCAL1|KIRREL1|COQ9,-0.61,0
1,-2.2,C0282606,M1,1,0,DisGeNET,35,Myomatous neoplasm,,-2.2,5.4,3.8,30230,25,896,4,0.45,0.22,3479|4311|4739|146206,IGF1|MME|NEDD9|CARMIL2,-0.61,0
1,-2.2,C1833340,M1,1,0,DisGeNET,35,Synostotic Posterior Plagiocephaly,,-2.2,5.4,3.8,30230,25,896,4,0.45,0.22,1947|2077|2737|6938,EFNB1|ERF|GLI3|TCF12,-0.61,0
1,-2.2,C2987516,M1,1,0,DisGeNET,35,Cervix Intraepithelial Neoplasia Grade 3 AJCC v7,,-2.2,5.4,3.8,30230,25,896,4,0.45,0.22,7424|7903|29108|81849,VEGFC|ST8SIA4|PYCARD|ST6GALNAC5,-0.61,0
1,-2.2,C0018924,M1,1,0,DisGeNET,35,Hemarthrosis,,-2.2,7.8,4.3,30230,13,896,3,0.33,0.19,2147|2158|2162,F2|F9|F13A1,-0.61,0
1,-2.2,C0271148,M1,1,0,DisGeNET,35,Secondary Open Angle Glaucoma,,-2.2,7.8,4.3,30230,13,896,3,0.33,0.19,858|4653|10133,CAV2|MYOC|OPTN,-0.61,0
1,-2.2,C4531297,M1,1,0,DisGeNET,35,Increased mean corpuscular hemoglobin concentration,,-2.2,7.8,4.3,30230,13,896,3,0.33,0.19,2961|7737|136647,GTF2E2|RNF113A|MPLKIP,-0.61,0
1,-2.2,C4725092,M1,1,0,DisGeNET,35,Advanced Uveal Melanoma,,-2.2,7.8,4.3,30230,13,896,3,0.33,0.19,3082|3479|9734,HGF|IGF1|HDAC9,-0.61,0
1,-2.2,C0032181,M1,1,0,DisGeNET,35,Platelet Count measurement,,-2.2,2,3,30230,265,896,16,1.8,0.44,350|2122|3083|5978|6002|6764|7227|10653|11030|51564|55633|55643|81628|83986|219654|375449,APOH|MECOM|HGFAC|REST|RGS12|DENND2B|TRPS1|SPINT2|RBPMS|HDAC7|TBC1D22B|BTBD2|TSC22D4|FAM234A|ZCCHC24|MAST4,-0.61,0
1,-2.2,C4551686,M1,1,0,DisGeNET,35,Malignant neoplasm of soft tissue,,-2.2,1.6,2.8,30230,699,896,33,3.7,0.63,595|1026|1028|1311|1634|2067|2073|3014|3082|3479|4267|4288|4311|4772|5978|6239|6281|6777|7030|7270|7424|8660|9113|9734|9825|10398|10413|23373|27086|51274|57496|79058|84441,CCND1|CDKN1A|CDKN1C|COMP|DCN|ERCC1|ERCC5|H2AX|HGF|IGF1|CD99|MKI67|MME|NFATC1|REST|RREB1|S100A10|STAT5B|TFE3|TTF1|VEGFC|IRS2|LATS1|HDAC9|SPATA2|MYL9|YAP1|CRTC1|FOXP1|KLF3|MRTFB|ASPSCR1|MAML2,-0.58,0
1,-2.2,C0023223,M1,1,0,DisGeNET,35,Leg Ulcer,,-2.2,4.2,3.6,30230,40,896,5,0.56,0.25,1311|2147|2162|3082|3383,COMP|F2|F13A1|HGF|ICAM1,-0.58,0
1,-2.2,C0027439,M1,1,0,DisGeNET,35,Nasopharyngeal Neoplasms,,-2.2,4.2,3.6,30230,40,896,5,0.56,0.25,2067|2122|3082|3680|7424,ERCC1|MECOM|HGF|ITGA9|VEGFC,-0.58,0
1,-2.2,C1398312,M1,1,0,DisGeNET,35,Narrow palate,,-2.2,4.2,3.6,30230,40,896,5,0.56,0.25,2077|6660|6909|7227|284058,ERF|SOX5|TBX2|TRPS1|KANSL1,-0.58,0
1,-2.2,C1857656,M1,1,0,DisGeNET,35,Prematurely aged appearance,,-2.2,4.2,3.6,30230,40,896,5,0.56,0.25,2073|2961|5116|7737|136647,ERCC5|GTF2E2|PCNT|RNF113A|MPLKIP,-0.58,0
1,-2.2,C1956147,M1,1,0,DisGeNET,35,Microlissencephaly,,-2.2,4.2,3.6,30230,40,896,5,0.56,0.25,71|6925|54820|55906|80254,ACTG1|TCF4|NDE1|ZC4H2|CEP63,-0.58,0
1,-2.2,C0271561,M1,1,0,DisGeNET,35,Somatotropin deficiency,,-2.2,2.4,3.1,30230,154,896,11,1.2,0.37,1028|2737|3479|4155|6777|6909|9723|23247|51236|83987|89884,CDKN1C|GLI3|IGF1|MBP|STAT5B|TBX2|SEMA3E|KATNIP|HGH1|CCDC8|LHX4,-0.58,0
1,-2.2,C0205645,M1,1,0,DisGeNET,35,"Adenocarcinoma, Tubular",,-2.2,2.5,3.1,30230,133,896,10,1.1,0.35,595|1028|1636|2158|4288|6091|6522|6696|6934|29108,CCND1|CDKN1C|ACE|F9|MKI67|ROBO1|SLC4A2|SPP1|TCF7L2|PYCARD,-0.58,0
1,-2.2,C0014548,M1,1,0,DisGeNET,35,"Epilepsy, Generalized",,-2.2,2.9,3.2,30230,93,896,8,0.89,0.31,5099|6096|6529|6792|29108|57094|348980|375449,PCDH7|RORB|SLC6A1|CDKL5|PYCARD|CPA6|HCN1|MAST4,-0.58,0
1,-2.2,C0001807,M1,1,0,DisGeNET,35,Aggressive behavior,,-2.2,2.3,3,30230,176,896,12,1.3,0.38,6096|6529|6660|6925|6942|7319|8220|25978|27086|51132|51322|54487,RORB|SLC6A1|SOX5|TCF4|TCF20|UBE2A|ESS2|CHMP2B|FOXP1|RLIM|WAC|DGCR8,-0.58,0
1,-2.2,C0018777,M1,1,0,DisGeNET,35,Conductive hearing loss,,-2.2,2,2.9,30230,291,896,17,1.9,0.46,2077|4750|4854|5148|6239|6383|6628|7227|7703|9411|9759|10297|54806|55975|57670|84140|768206,ERF|NEK1|NOTCH3|PDE6G|RREB1|SDC2|SNRPB|TRPS1|PCGF2|ARHGAP29|HDAC4|APC2|AHI1|KLHL7|KIAA1549|FAM161A|PRCD,-0.58,0
1,-2.2,C0206638,M1,1,0,DisGeNET,35,Giant Cell Tumor of Bone,,-2.2,2.7,3.1,30230,113,896,9,1,0.33,595|1634|3082|3479|4060|6387|6696|10133|51129,CCND1|DCN|HGF|IGF1|LUM|CXCL12|SPP1|OPTN|ANGPTL4,-0.57,0
1,-2.2,C0240896,M1,1,0,DisGeNET,35,Fundus coloboma,,-2.2,3.6,3.4,30230,57,896,6,0.67,0.27,5076|9723|10413|10653|54806|65062,PAX2|SEMA3E|YAP1|SPINT2|AHI1|TMEM237,-0.57,0
1,-2.2,C0007138,M1,1,0,DisGeNET,35,"Carcinoma, Transitional Cell",,-2.2,1.6,2.8,30230,622,896,30,3.3,0.6,595|972|1026|1113|1163|1478|1634|2002|2067|3479|4060|4267|4288|4311|4772|4854|5076|8658|9611|9734|9759|10379|10602|10631|51129|54487|54984|80254|220296|400566,CCND1|CD74|CDKN1A|CHGA|CKS1B|CSTF2|DCN|ELK1|ERCC1|IGF1|LUM|CD99|MKI67|MME|NFATC1|NOTCH3|PAX2|TNKS|NCOR1|HDAC9|HDAC4|IRF9|CDC42EP3|POSTN|ANGPTL4|DGCR8|PINX1|CEP63|HEPACAM|LIAT1,-0.57,0
1,-2.2,C0085207,M1,1,0,DisGeNET,35,Gestational Diabetes,,-2.2,1.6,2.8,30230,649,896,31,3.5,0.61,71|173|665|1489|1634|1636|2619|3270|3383|3479|3487|3667|4060|4810|5564|5806|6239|6934|8660|8694|9388|9759|51129|54487|54901|55850|58191|60676|80274|83444|158038,ACTG1|AFM|BNIP3L|CTF1|DCN|ACE|GAS1|HRC|ICAM1|IGF1|IGFBP4|IRS1|LUM|NHS|PRKAB1|PTX3|RREB1|TCF7L2|IRS2|DGAT1|LIPG|HDAC4|ANGPTL4|DGCR8|CDKAL1|USE1|CXCL16|PAPPA2|SCUBE1|INO80B|LINGO2,-0.56,0
1,-2.2,C0158733,M1,1,0,DisGeNET,35,Hand polydactyly,,-2.2,3.1,3.3,30230,75,896,7,0.78,0.29,1947|6239|9723|23247|54806|65062|79848,EFNB1|RREB1|SEMA3E|KATNIP|AHI1|TMEM237|CSPP1,-0.56,0
1,-2.2,C0265224,M1,1,0,DisGeNET,35,Freeman-Sheldon syndrome,,-2.2,5.2,3.7,30230,26,896,4,0.45,0.22,3479|6387|7136|55906,IGF1|CXCL12|TNNI2|ZC4H2,-0.56,0
1,-2.2,C0023015,M1,1,0,DisGeNET,35,Language Disorders,,-2.2,2.9,3.2,30230,94,896,8,0.89,0.31,715|4795|4863|6091|6696|9289|27086|29108,C1R|NFKBIL1|NPAT|ROBO1|SPP1|ADGRG1|FOXP1|PYCARD,-0.56,0
1,-2.2,C0332840,M1,1,0,DisGeNET,35,Amputated structure (morphologic abnormality),,-2.2,2.9,3.2,30230,94,896,8,0.89,0.31,972|3082|4810|5806|6387|6696|9734|79834,CD74|HGF|NHS|PTX3|CXCL12|SPP1|HDAC9|PEAK1,-0.56,0
1,-2.2,C0549523,M1,1,0,DisGeNET,35,Oropharynx (excludes nasopharynx),,-2.2,2.9,3.2,30230,94,896,8,0.89,0.31,595|1026|2067|2073|3479|6387|7030|7270,CCND1|CDKN1A|ERCC1|ERCC5|IGF1|CXCL12|TFE3|TTF1,-0.56,0
1,-2.2,C1292778,M1,1,0,DisGeNET,35,Chronic myeloproliferative disorder,,-2.2,1.8,2.8,30230,366,896,20,2.2,0.49,664|862|868|2122|2147|3014|3479|3667|4211|5116|5806|6387|6777|8660|9734|10524|11155|25901|27086|51199,BNIP3|RUNX1T1|CBLB|MECOM|F2|H2AX|IGF1|IRS1|MEIS1|PCNT|PTX3|CXCL12|STAT5B|IRS2|HDAC9|KAT5|LDB3|CCDC28A|FOXP1|NIN,-0.56,0
1,-2.2,C1510502,M1,1,0,DisGeNET,35,Oxyphilic Adenoma,,-2.2,2.7,3.1,30230,114,896,9,1,0.33,595|1039|3479|4286|5076|7030|7942|84335|400566,CCND1|CDR2|IGF1|MITF|PAX2|TFE3|TFEB|AKT1S1|LIAT1,-0.56,0
1,-2.2,C1857486,M1,1,0,DisGeNET,35,"Low-set, posteriorly rotated ears",,-2.2,2.1,2.9,30230,223,896,14,1.6,0.41,1501|2067|2077|2719|2737|3955|7227|9723|54806|55975|65062|79848|84294|92482,CTNND2|ERCC1|ERF|GPC3|GLI3|LFNG|TRPS1|SEMA3E|AHI1|KLHL7|TMEM237|CSPP1|UTP23|BBIP1,-0.56,0
1,-2.2,C0027719,M1,1,0,DisGeNET,35,Nephrosclerosis,,-2.2,4.1,3.5,30230,41,896,5,0.56,0.25,1113|1634|1636|6387|11346,CHGA|DCN|ACE|CXCL12|SYNPO,-0.56,0
1,-2.1,C0409959,M1,1,0,DisGeNET,35,"Osteoarthritis, Knee",,-2.1,1.8,2.8,30230,368,896,20,2.2,0.49,595|607|1311|1636|2719|2869|3479|3697|4052|4060|4810|6320|6696|7060|10631|22864|51564|79058|84444|146059,CCND1|BCL9|COMP|ACE|GPC3|GRK5|IGF1|ITIH1|LTBP1|LUM|NHS|CLEC11A|SPP1|THBS4|POSTN|R3HDM2|HDAC7|ASPSCR1|DOT1L|CDAN1,-0.54,0
1,-2.1,C0334588,M1,1,0,DisGeNET,35,Giant Cell Glioblastoma,,-2.1,2.8,3.1,30230,95,896,8,0.89,0.31,1475|1501|3014|4854|8425|8553|9611|90355,CSTA|CTNND2|H2AX|NOTCH3|LTBP4|BHLHE40|NCOR1|MACIR,-0.54,0
1,-2.1,C0431399,M1,1,0,DisGeNET,35,Familial aplasia of the vermis,,-2.1,2.8,3.1,30230,95,896,8,0.89,0.31,595|9289|10524|23247|51286|54806|65062|79848,CCND1|ADGRG1|KAT5|KATNIP|CEND1|AHI1|TMEM237|CSPP1,-0.54,0
1,-2.1,C1389018,M1,1,0,DisGeNET,35,Atrioventricular Septal Defect,,-2.1,3.5,3.3,30230,58,896,6,0.67,0.27,1636|4772|6909|27086|50485|255743,ACE|NFATC1|TBX2|FOXP1|SMARCAL1|NPNT,-0.54,0
1,-2.1,C3540764,M1,1,0,DisGeNET,35,Coloboma of the Retina,,-2.1,3.5,3.3,30230,58,896,6,0.67,0.27,5076|9723|10413|10653|54806|65062,PAX2|SEMA3E|YAP1|SPINT2|AHI1|TMEM237,-0.54,0
1,-2.1,C0026847,M1,1,0,DisGeNET,35,Spinal Muscular Atrophy,,-2.1,1.9,2.8,30230,319,896,18,2,0.47,1311|1489|3479|4155|4744|6281|6696|6777|7200|8926|9325|9734|9759|10179|54960|83987|348980|400916,COMP|CTF1|IGF1|MBP|NEFH|S100A10|SPP1|STAT5B|TRH|SNURF|TRIP4|HDAC9|HDAC4|RBM7|GEMIN8|CCDC8|HCN1|CHCHD10,-0.54,0
1,-2.1,C0022665,M1,1,0,DisGeNET,35,Kidney Neoplasm,,-2.1,1.9,2.8,30230,295,896,17,1.9,0.46,595|972|1454|2719|3479|4267|4286|4288|4311|4772|5076|6387|7030|7942|79058|80274|84335,CCND1|CD74|CSNK1E|GPC3|IGF1|CD99|MITF|MKI67|MME|NFATC1|PAX2|CXCL12|TFE3|TFEB|ASPSCR1|SCUBE1|AKT1S1,-0.54,0
1,-2.1,C0006105,M1,1,0,DisGeNET,35,Brain Abscess,,-2.1,7.2,4.1,30230,14,896,3,0.33,0.19,361|3383|57506,AQP4|ICAM1|MAVS,-0.54,0
1,-2.1,C0231678,M1,1,0,DisGeNET,35,Ulnar deviation of the wrist,,-2.1,7.2,4.1,30230,14,896,3,0.33,0.19,1311|7136|55975,COMP|TNNI2|KLHL7,-0.54,0
1,-2.1,C2047886,M1,1,0,DisGeNET,35,(Idiopathic) normal pressure hydrocephalus,,-2.1,7.2,4.1,30230,14,896,3,0.33,0.19,361|29108|63827,AQP4|PYCARD|BCAN,-0.54,0
1,-2.1,C4023588,M1,1,0,DisGeNET,35,Abnormality of the gastrointestinal tract,,-2.1,7.2,4.1,30230,14,896,3,0.33,0.19,595|715|6696,CCND1|C1R|SPP1,-0.54,0
1,-2.1,C0027962,M1,1,0,DisGeNET,35,Melanocytic nevus,,-2.1,1.9,2.8,30230,296,896,17,1.9,0.46,595|1026|1163|2073|2077|2719|3133|3383|4286|4288|6239|9846|10848|26103|29108|50485|56998,CCND1|CDKN1A|CKS1B|ERCC5|ERF|GPC3|HLA-E|ICAM1|MITF|MKI67|RREB1|GAB2|PPP1R13L|LRIT1|PYCARD|SMARCAL1|CTNNBIP1,-0.53,0
1,-2.1,C0338508,M1,1,0,DisGeNET,35,Optic Atrophy 1,,-2.1,2.6,3.1,30230,116,896,9,1,0.33,173|664|665|1026|3014|5564|8165|10133|10413,AFM|BNIP3|BNIP3L|CDKN1A|H2AX|PRKAB1|AKAP1|OPTN|YAP1,-0.53,0
1,-2.1,C0333463,M1,1,0,DisGeNET,35,Senile Plaques,,-2.1,2,2.9,30230,249,896,15,1.7,0.43,71|361|595|715|862|1113|1489|1634|1636|3383|4311|4900|9734|25978|29911,ACTG1|AQP4|CCND1|C1R|RUNX1T1|CHGA|CTF1|DCN|ACE|ICAM1|MME|NRGN|HDAC9|CHMP2B|HOOK2,-0.53,0
1,-2.1,C0002991,M1,1,0,DisGeNET,35,Cutaneous Fibrous Histiocytoma,,-2.1,4,3.4,30230,42,896,5,0.56,0.25,2162|3479|4311|7270|8510,F13A1|IGF1|MME|TTF1|MMP23B,-0.53,0
1,-2.1,C0271680,M1,1,0,DisGeNET,35,Diabetic Polyneuropathies,,-2.1,4,3.4,30230,42,896,5,0.56,0.25,1636|3082|3479|3487|4311,ACE|HGF|IGF1|IGFBP4|MME,-0.53,0
1,-2.1,C0272242,M1,1,0,DisGeNET,35,Complement deficiency disease,,-2.1,4,3.4,30230,42,896,5,0.56,0.25,629|715|730|735|1636,CFB|C1R|C7|C9|ACE,-0.53,0
1,-2.1,C0178879,M1,1,0,DisGeNET,35,Urinary tract obstruction,,-2.1,5,3.6,30230,27,896,4,0.45,0.22,1636|3383|5076|5116,ACE|ICAM1|PAX2|PCNT,-0.52,0
1,-2.1,C4054726,M1,1,0,DisGeNET,35,Infant Leukemia,,-2.1,5,3.6,30230,27,896,4,0.45,0.22,4299|4703|10529|27125,AFF1|NEB|NEBL|AFF4,-0.52,0
1,-2.1,C0410702,M1,1,0,DisGeNET,35,Adolescent idiopathic scoliosis,,-2.1,1.6,2.7,30230,656,896,31,3.5,0.61,320|1311|1501|1636|2104|3082|3479|3660|5099|5101|5980|9723|9745|9760|9811|10749|11278|22871|22986|23247|23635|55553|56998|57117|57575|60676|84441|84668|252983|255743|768211,APBA1|COMP|CTNND2|ACE|ESRRG|HGF|IGF1|IRF2|PCDH7|PCDH9|REV3L|SEMA3E|ZNF536|TOX|CTIF|KIF1C|KLF12|NLGN1|SORCS3|KATNIP|SSBP2|SOX6|CTNNBIP1|INTS12|PCDH10|PAPPA2|MAML2|HYCC1|STXBP4|NPNT|RELL1,-0.52,0
1,-2.1,C3693482,M1,1,0,DisGeNET,35,Giant Cell Fibroblastoma,,-2.1,3.1,3.2,30230,77,896,7,0.78,0.29,595|2162|4288|4311|7030|10631|80310,CCND1|F13A1|MKI67|MME|TFE3|POSTN|PDGFD,-0.52,0
1,-2.1,C0006625,M1,1,0,DisGeNET,35,Cachexia,,-2.1,2,2.8,30230,273,896,16,1.8,0.44,664|1636|2073|3082|3479|3489|5116|5564|6696|7739|9734|10220|11143|51129|58191|81628,BNIP3|ACE|ERCC5|HGF|IGF1|IGFBP6|PCNT|PRKAB1|SPP1|ZNF185|HDAC9|GDF11|KAT7|ANGPTL4|CXCL16|TSC22D4,-0.52,0
1,-2.1,C3553764,M1,1,0,DisGeNET,35,Joint hyperflexibility,,-2.1,2.2,2.9,30230,181,896,12,1.3,0.38,715|1311|1501|1947|4854|5076|5116|6239|7227|9759|83987|112752,C1R|COMP|CTNND2|EFNB1|NOTCH3|PAX2|PCNT|RREB1|TRPS1|HDAC4|CCDC8|IFT43,-0.52,0
1,-2.1,C0085636,M1,1,0,DisGeNET,35,Photophobia,,-2.1,2.1,2.9,30230,227,896,14,1.6,0.41,2073|2961|4286|5148|5149|7737|54714|54806|55975|57010|57670|84140|136647|768206,ERCC5|GTF2E2|MITF|PDE6G|PDE6H|RNF113A|CNGB3|AHI1|KLHL7|CABP4|KIAA1549|FAM161A|MPLKIP|PRCD,-0.51,0
1,-2.1,C0452138,M1,1,0,DisGeNET,35,"Sensorineural hearing loss, bilateral",,-2.1,2.6,3,30230,117,896,9,1,0.33,71|2961|3479|4286|7737|136647|253827|286262|400916,ACTG1|GTF2E2|IGF1|MITF|RNF113A|MPLKIP|MSRB3|TPRN|CHCHD10,-0.51,0
1,-2.1,C4552811,M1,1,0,DisGeNET,35,"Generalized Muscle Weakness, CTCAE",,-2.1,2.6,3,30230,117,896,9,1,0.33,595|4703|4744|4750|10133|11155|25978|400916|644096,CCND1|NEB|NEFH|NEK1|OPTN|LDB3|CHMP2B|CHCHD10|SDHAF1,-0.51,0
1,-2.1,C1836047,M1,1,0,DisGeNET,35,Long face,,-2.1,2.2,2.9,30230,182,896,12,1.3,0.38,4703|4810|6239|6942|7703|10297|23247|51244|54806|65062|79848|284058,NEB|NHS|RREB1|TCF20|PCGF2|APC2|KATNIP|CCDC174|AHI1|TMEM237|CSPP1|KANSL1,-0.5,0
1,-2.1,C1739135,M1,1,0,DisGeNET,35,Progression of prostate cancer,,-2.1,1.8,2.7,30230,398,896,21,2.3,0.51,595|1026|1113|1265|1311|1501|3082|3479|3622|6387|6660|6696|6777|7041|7739|10379|10631|25937|29108|29998|80310,CCND1|CDKN1A|CHGA|CNN2|COMP|CTNND2|HGF|IGF1|ING2|CXCL12|SOX5|SPP1|STAT5B|TGFB1I1|ZNF185|IRF9|POSTN|WWTR1|PYCARD|BICRA|PDGFD,-0.5,0
1,-2.1,C1854418,M1,1,0,DisGeNET,35,Biparietal narrowing,,-2.1,3.4,3.2,30230,60,896,6,0.67,0.27,9326|23247|54806|55975|65062|79848,ZNHIT3|KATNIP|AHI1|KLHL7|TMEM237|CSPP1,-0.49,0
1,-2.1,C4022587,M1,1,0,DisGeNET,35,Fatigable weakness of respiratory muscles,,-2.1,3.4,3.2,30230,60,896,6,0.67,0.27,4703|4744|4750|10133|25978|400916,NEB|NEFH|NEK1|OPTN|CHMP2B|CHCHD10,-0.49,0
1,-2.1,C0013264,M1,1,0,DisGeNET,35,"Muscular Dystrophy, Duchenne",,-2.1,1.8,2.7,30230,374,896,20,2.2,0.49,71|361|1028|1634|1636|2158|3133|3263|3479|4703|5564|6002|6696|7060|7903|8425|9388|9734|10631|58506,ACTG1|AQP4|CDKN1C|DCN|ACE|F9|HLA-E|HPX|IGF1|NEB|PRKAB1|RGS12|SPP1|THBS4|ST8SIA4|LTBP4|LIPG|HDAC9|POSTN|SCAF1,-0.49,0
1,-2.1,C0025286,M1,1,0,DisGeNET,35,Meningioma,,-2.1,1.6,2.7,30230,634,896,30,3.3,0.6,361|595|1026|1028|1164|2073|2162|3082|3297|3479|3489|3622|4211|4267|4288|4311|4969|5806|6281|6387|6696|6938|7799|8658|10413|29998|58191|65009|84260|84444,AQP4|CCND1|CDKN1A|CDKN1C|CKS2|ERCC5|F13A1|HGF|HSF1|IGF1|IGFBP6|ING2|MEIS1|CD99|MKI67|MME|OGN|PTX3|S100A10|CXCL12|SPP1|TCF12|PRDM2|TNKS|YAP1|BICRA|CXCL16|NDRG4|TCHP|DOT1L,-0.49,0
1,-2.1,C1336076,M1,1,0,DisGeNET,35,Sporadic Breast Carcinoma,,-2.1,2.2,2.9,30230,183,896,12,1.3,0.38,595|2067|3014|3400|3479|3621|4311|6387|7227|51720|57661|375757,CCND1|ERCC1|H2AX|ID4|IGF1|ING1|MME|CXCL12|TRPS1|UIMC1|PHRF1|SWI5,-0.49,0
1,-2.1,C0042373,M1,1,0,DisGeNET,35,Vascular Diseases,,-2.1,1.6,2.6,30230,688,896,32,3.6,0.62,350|575|1311|1634|1636|1949|2122|2147|3082|3133|3383|3479|4311|4854|5564|5806|5978|6387|6696|6777|7942|9388|9734|9759|10398|10631|57496|57555|57591|58191|80310|196513,APOH|ADGRB1|COMP|DCN|ACE|EFNB3|MECOM|F2|HGF|HLA-E|ICAM1|IGF1|MME|NOTCH3|PRKAB1|PTX3|REST|CXCL12|SPP1|STAT5B|TFEB|LIPG|HDAC9|HDAC4|MYL9|POSTN|MRTFB|NLGN2|MRTFA|CXCL16|PDGFD|DCP1B,-0.49,0
1,-2.1,C0011265,M1,1,0,DisGeNET,35,Presenile dementia,,-2.1,1.6,2.6,30230,716,896,33,3.7,0.63,71|770|862|1026|1039|1636|2147|2869|3082|3297|3383|3479|3667|4311|4810|4854|4885|4900|6387|6696|7942|8553|8772|9388|23239|25978|29108|54107|55850|56776|64084|83636|400916,ACTG1|CA11|RUNX1T1|CDKN1A|CDR2|ACE|F2|GRK5|HGF|HSF1|ICAM1|IGF1|IRS1|MME|NHS|NOTCH3|NPTX2|NRGN|CXCL12|SPP1|TFEB|BHLHE40|FADD|LIPG|PHLPP1|CHMP2B|PYCARD|POLE3|USE1|FMN2|CLSTN2|C19orf12|CHCHD10,-0.49,0
1,-2.1,C0795841,M1,1,0,DisGeNET,35,Jacobsen Distal 11q Deletion Syndrome,,-2.1,4.8,3.5,30230,28,896,4,0.45,0.22,595|3479|4900|54806,CCND1|IGF1|NRGN|AHI1,-0.48,0
1,-2.1,C2347613,M1,1,0,DisGeNET,35,Childhood Atypical Teratoid/Rhabdoid Tumor,,-2.1,4.8,3.5,30230,28,896,4,0.45,0.22,595|3479|4267|6696,CCND1|IGF1|CD99|SPP1,-0.48,0
1,-2.1,C2939447,M1,1,0,DisGeNET,35,Right ventricular failure,,-2.1,4.8,3.5,30230,28,896,4,0.45,0.22,1636|3479|4311|10631,ACE|IGF1|MME|POSTN,-0.48,0
1,-2,C0278510,M1,1,0,DisGeNET,35,Childhood Medulloblastoma,,-2,1.5,2.6,30230,771,896,35,3.9,0.65,173|575|595|1311|1946|1947|2719|2737|2869|3014|3082|3479|3660|3667|4211|4267|4335|5978|6281|6387|6696|6925|6934|7703|7799|8658|8660|9734|10413|10653|25792|57575|79047|83987|124641,AFM|ADGRB1|CCND1|COMP|EFNA5|EFNB1|GPC3|GLI3|GRK5|H2AX|HGF|IGF1|IRF2|IRS1|MEIS1|CD99|MNT|REST|S100A10|CXCL12|SPP1|TCF4|TCF7L2|PCGF2|PRDM2|TNKS|IRS2|HDAC9|YAP1|SPINT2|CIZ1|PCDH10|KCTD15|CCDC8|OVCA2,-0.48,0
1,-2,C0271183,M1,1,0,DisGeNET,35,Severe myopia,,-2,2.2,2.9,30230,184,896,12,1.3,0.38,1501|1634|3082|3479|3487|3667|4060|4653|8658|54714|55589|57010,CTNND2|DCN|HGF|IGF1|IGFBP4|IRS1|LUM|MYOC|TNKS|CNGB3|BMP2K|CABP4,-0.48,0
1,-2,C0020225,M1,1,0,DisGeNET,35,Hydranencephaly,,-2,6.7,3.9,30230,15,896,3,0.33,0.19,6383|6628|54820,SDC2|SNRPB|NDE1,-0.48,0
1,-2,C0340569,M1,1,0,DisGeNET,35,Internal Carotid Artery Stenosis,,-2,6.7,3.9,30230,15,896,3,0.33,0.19,1636|6320|6696,ACE|CLEC11A|SPP1,-0.48,0
1,-2,C1320468,M1,1,0,DisGeNET,35,Nephrogenic rest,,-2,6.7,3.9,30230,15,896,3,0.33,0.19,2719|3082|5076,GPC3|HGF|PAX2,-0.48,0
1,-2,C1853171,M1,1,0,DisGeNET,35,Multiple prenatal fractures,,-2,6.7,3.9,30230,15,896,3,0.33,0.19,4703|9325|131377,NEB|TRIP4|KLHL40,-0.48,0
1,-2,C1853490,M1,1,0,DisGeNET,35,22q13.3 Deletion Syndrome,,-2,6.7,3.9,30230,15,896,3,0.33,0.19,3479|5662|284058,IGF1|PSD|KANSL1,-0.48,0
1,-2,C2931196,M1,1,0,DisGeNET,35,Craniofacial dysostosis type 1,,-2,6.7,3.9,30230,15,896,3,0.33,0.19,2077|2719|10101,ERF|GPC3|NUBP2,-0.48,0
1,-2,C3808039,M1,1,0,DisGeNET,35,Nemaline bodies,,-2,6.7,3.9,30230,15,896,3,0.33,0.19,4703|7138|131377,NEB|TNNT1|KLHL40,-0.48,0
1,-2,C0200638,M1,1,0,DisGeNET,35,Eosinophil count procedure,,-2,1.6,2.6,30230,610,896,29,3.2,0.59,350|770|1611|2687|3707|6464|6777|10018|10318|10723|11030|11201|22807|27086|51274|57636|59269|64599|79834|80012|83986|84260|84969|113263|146206|147339|152206|284058|401474,APOH|CA11|DAP|GGT5|ITPKB|SHC1|STAT5B|BCL2L11|TNIP1|SLC12A7|RBPMS|POLI|IKZF2|FOXP1|KLF3|ARHGAP23|HIVEP3|GIGYF1|PEAK1|PHC3|FAM234A|TCHP|TOX2|GLCCI1|CARMIL2|ARK2N|CCDC13|KANSL1|SAMD12,-0.48,0
1,-2,C0595921,M1,1,0,DisGeNET,35,Intraocular pressure disorder,,-2,1.9,2.7,30230,302,896,17,1.9,0.46,858|862|1636|3479|4060|4653|4810|5662|6387|6696|7041|10133|11030|57512|91461|113263|401474,CAV2|RUNX1T1|ACE|IGF1|LUM|MYOC|NHS|PSD|CXCL12|SPP1|TGFB1I1|OPTN|RBPMS|GPR158|PKDCC|GLCCI1|SAMD12,-0.48,0
1,-2,C0015644,M1,1,0,DisGeNET,35,Muscular fasciculation,,-2,2.7,3,30230,99,896,8,0.89,0.31,2737|4685|4744|6091|6092|10749|25978|400916,GLI3|NCAM2|NEFH|ROBO1|ROBO2|KIF1C|CHMP2B|CHCHD10,-0.47,0
1,-2,C0546967,M1,1,0,DisGeNET,35,Posterior embryotoxon,,-2,3.8,3.3,30230,44,896,5,0.56,0.25,6239|8220|10413|54487|54539,RREB1|ESS2|YAP1|DGCR8|NDUFB11,-0.47,0
1,-2,C0025500,M1,1,0,DisGeNET,35,Mesothelioma,,-2,1.6,2.6,30230,559,896,27,3,0.57,595|972|1026|1028|2067|2662|2719|3082|3383|3479|4286|4288|5361|5980|6383|6696|7270|7424|9139|9734|10413|23368|25937|55850|57099|80310|400566,CCND1|CD74|CDKN1A|CDKN1C|ERCC1|GDF10|GPC3|HGF|ICAM1|IGF1|MITF|MKI67|PLXNA1|REV3L|SDC2|SPP1|TTF1|VEGFC|CBFA2T2|HDAC9|YAP1|PPP1R13B|WWTR1|USE1|AVEN|PDGFD|LIAT1,-0.46,0
1,-2,C0524528,M1,1,0,DisGeNET,35,Pervasive Development Disorder,,-2,1.9,2.7,30230,328,896,18,2,0.47,1501|2044|2861|3667|5662|6387|6529|6925|6942|9611|11278|22871|27086|57496|57555|57575|84530|140733,CTNND2|EPHA5|GPR37|IRS1|PSD|CXCL12|SLC6A1|TCF4|TCF20|NCOR1|KLF12|NLGN1|FOXP1|MRTFB|NLGN2|PCDH10|SRRM4|MACROD2,-0.46,0
1,-2,C0151779,M1,1,0,DisGeNET,35,Cutaneous Melanoma,,-2,1.7,2.6,30230,507,896,25,2.8,0.55,595|1026|2073|2158|2861|3082|3383|3479|4286|4288|6383|6387|6692|6696|7424|7799|9759|10413|27086|51129|54901|54906|55872|84335|84441,CCND1|CDKN1A|ERCC5|F9|GPR37|HGF|ICAM1|IGF1|MITF|MKI67|SDC2|CXCL12|SPINT1|SPP1|VEGFC|PRDM2|HDAC4|YAP1|FOXP1|ANGPTL4|CDKAL1|TASOR2|PBK|AKT1S1|MAML2,-0.46,0
1,-2,C0454644,M1,1,0,DisGeNET,35,Delayed speech and language development,,-2,1.6,2.6,30230,560,896,27,3,0.57,4286|6096|6660|6792|6942|8270|8425|9289|9325|9411|22983|27086|27245|29911|50485|51132|51244|51322|55906|56776|57479|79140|80254|83636|284058|286262|348980,MITF|RORB|SOX5|CDKL5|TCF20|LAGE3|LTBP4|ADGRG1|TRIP4|ARHGAP29|MAST1|FOXP1|AHDC1|HOOK2|SMARCAL1|RLIM|CCDC174|WAC|ZC4H2|FMN2|PRR12|CCDC28B|CEP63|C19orf12|KANSL1|TPRN|HCN1,-0.46,0
1,-2,C0857490,M1,1,0,DisGeNET,35,Granulocyte count,,-2,2.7,3,30230,100,896,8,0.89,0.31,770|1265|10723|11030|54806|57636|113263|147339,CA11|CNN2|SLC12A7|RBPMS|AHI1|ARHGAP23|GLCCI1|ARK2N,-0.45,0
