"ID","Description","GeneRatio","BgRatio","RichFactor","FoldEnrichment","zScore","pvalue","p.adjust","qvalue","geneID","Count"
"GO:0061035","regulation of cartilage development","3/37","30/7601",0.1,20.5432432432432,7.50088556485749,0.00039382176450806,0.24396336284012,0.207841762329335,"BMP4/CCN1/CCN2",3
"GO:0062149","detection of stimulus involved in sensory perception of pain","2/37","8/7601",0.25,51.3581081081081,9.96642946474126,0.000633826168524489,0.24396336284012,0.207841762329335,"BACE1/LXN",2
"GO:0070372","regulation of ERK1 and ERK2 cascade","4/37","96/7601",0.0416666666666667,8.55968468468468,5.21309750189708,0.00114676950934895,0.24396336284012,0.207841762329335,"BMP4/CCN1/CCN2/MFAP3",4
"GO:0070371","ERK1 and ERK2 cascade","4/37","109/7601",0.036697247706422,7.53880485990578,4.80888774599213,0.00183586877294986,0.24396336284012,0.207841762329335,"BMP4/CCN1/CCN2/MFAP3",4
"GO:0070374","positive regulation of ERK1 and ERK2 cascade","3/37","51/7601",0.0588235294117647,12.0842607313196,5.55456743043186,0.00188295393282637,0.24396336284012,0.207841762329335,"BMP4/CCN2/MFAP3",3
"GO:0061036","positive regulation of cartilage development","2/37","15/7601",0.133333333333333,27.390990990991,7.15528286105995,0.00232635829361019,0.24396336284012,0.207841762329335,"BMP4/CCN1",2
"GO:0019233","sensory perception of pain","2/37","16/7601",0.125,25.6790540540541,6.91102726084024,0.00265056211140458,0.24396336284012,0.207841762329335,"BACE1/LXN",2
"GO:0050906","detection of stimulus involved in sensory perception","2/37","17/7601",0.117647058823529,24.1685214626391,6.68814247385264,0.00299478378742797,0.24396336284012,0.207841762329335,"BACE1/LXN",2
"GO:0030501","positive regulation of bone mineralization","2/37","19/7601",0.105263157894737,21.624466571835,6.29505506462935,0.0037425145595404,0.24396336284012,0.207841762329335,"BMP4/CCN1",2
"GO:0032330","regulation of chondrocyte differentiation","2/37","21/7601",0.0952380952380952,19.5649935649936,5.95801710443693,0.00456803131821387,0.24396336284012,0.207841762329335,"BMP4/CCN2",2
"GO:0030513","positive regulation of BMP signaling pathway","2/37","22/7601",0.0909090909090909,18.6756756756757,5.80648501026432,0.00500949031913895,0.24396336284012,0.207841762329335,"BMP4/CCN1",2
"GO:0070169","positive regulation of biomineral tissue development","2/37","23/7601",0.0869565217391304,17.8636897767333,5.66462441651006,0.00546983542978636,0.24396336284012,0.207841762329335,"BMP4/CCN1",2
"GO:0045778","positive regulation of ossification","2/37","24/7601",0.0833333333333333,17.1193693693694,5.53142365250693,0.00594888250925748,0.24396336284012,0.207841762329335,"BMP4/CCN1",2
"GO:0001658","branching involved in ureteric bud morphogenesis","2/37","26/7601",0.0769230769230769,15.8024948024948,5.28764354869038,0.00696235230950158,0.24396336284012,0.207841762329335,"BMP4/TMEM59L",2
"GO:0051216","cartilage development","3/37","82/7601",0.0365853658536585,7.51582069874753,4.148851657024,0.00722099412267043,0.24396336284012,0.207841762329335,"BMP4/CCN1/CCN2",3
"GO:0009581","detection of external stimulus","2/37","27/7601",0.0740740740740741,15.2172172172172,5.17565987745463,0.0074964130247786,0.24396336284012,0.207841762329335,"BACE1/LXN",2
"GO:0009582","detection of abiotic stimulus","2/37","27/7601",0.0740740740740741,15.2172172172172,5.17565987745463,0.0074964130247786,0.24396336284012,0.207841762329335,"BACE1/LXN",2
"GO:0003179","heart valve morphogenesis","2/37","28/7601",0.0714285714285714,14.6737451737452,5.06949171230951,0.00804845168322949,0.24396336284012,0.207841762329335,"BMP4/CCN1",2
"GO:0042130","negative regulation of T cell proliferation","2/37","29/7601",0.0689655172413793,14.1677539608574,4.96863732549718,0.00861829037628269,0.24396336284012,0.207841762329335,"BMP4/NDFIP1",2
"GO:0060675","ureteric bud morphogenesis","2/37","30/7601",0.0666666666666667,13.6954954954955,4.87265382289088,0.00920575241998087,0.24396336284012,0.207841762329335,"BMP4/TMEM59L",2
"GO:0072078","nephron tubule morphogenesis","2/37","30/7601",0.0666666666666667,13.6954954954955,4.87265382289088,0.00920575241998087,0.24396336284012,0.207841762329335,"BMP4/TMEM59L",2
"GO:0072171","mesonephric tubule morphogenesis","2/37","30/7601",0.0666666666666667,13.6954954954955,4.87265382289088,0.00920575241998087,0.24396336284012,0.207841762329335,"BMP4/TMEM59L",2
"GO:0072028","nephron morphogenesis","2/37","31/7601",0.0645161290322581,13.2537053182214,4.78114854876308,0.00981066234778747,0.24396336284012,0.207841762329335,"BMP4/TMEM59L",2
"GO:0072088","nephron epithelium morphogenesis","2/37","31/7601",0.0645161290322581,13.2537053182214,4.78114854876308,0.00981066234778747,0.24396336284012,0.207841762329335,"BMP4/TMEM59L",2
"GO:0030500","regulation of bone mineralization","2/37","32/7601",0.0625,12.839527027027,4.69377197807322,0.0104328459034312,0.24396336284012,0.207841762329335,"BMP4/CCN1",2
"GO:0032945","negative regulation of mononuclear cell proliferation","2/37","32/7601",0.0625,12.839527027027,4.69377197807322,0.0104328459034312,0.24396336284012,0.207841762329335,"BMP4/NDFIP1",2
"GO:0050672","negative regulation of lymphocyte proliferation","2/37","32/7601",0.0625,12.839527027027,4.69377197807322,0.0104328459034312,0.24396336284012,0.207841762329335,"BMP4/NDFIP1",2
"GO:0061333","renal tubule morphogenesis","2/37","32/7601",0.0625,12.839527027027,4.69377197807322,0.0104328459034312,0.24396336284012,0.207841762329335,"BMP4/TMEM59L",2
"GO:0045669","positive regulation of osteoblast differentiation","2/37","33/7601",0.0606060606060606,12.4504504504505,4.61021180120143,0.0110721300337891,0.24396336284012,0.207841762329335,"BMP4/CCN1",2
"GO:0070664","negative regulation of leukocyte proliferation","2/37","33/7601",0.0606060606060606,12.4504504504505,4.61021180120143,0.0110721300337891,0.24396336284012,0.207841762329335,"BMP4/NDFIP1",2
"GO:0003170","heart valve development","2/37","35/7601",0.0571428571428571,11.7389961389961,4.45344853642428,0.0124013137794572,0.24396336284012,0.207841762329335,"BMP4/CCN1",2
"GO:0032092","positive regulation of protein binding","2/37","35/7601",0.0571428571428571,11.7389961389961,4.45344853642428,0.0124013137794572,0.24396336284012,0.207841762329335,"BMP4/TRIB3",2
"GO:0072080","nephron tubule development","2/37","36/7601",0.0555555555555556,11.4129129129129,4.37976610770653,0.0130908732407358,0.24396336284012,0.207841762329335,"BMP4/TMEM59L",2
"GO:0061326","renal tubule development","2/37","37/7601",0.0540540540540541,11.1044558071585,4.30893486114869,0.0137968529546945,0.24396336284012,0.207841762329335,"BMP4/TMEM59L",2
"GO:0060411","cardiac septum morphogenesis","2/37","38/7601",0.0526315789473684,10.8122332859175,4.2407679714789,0.0145190857785113,0.24396336284012,0.207841762329335,"BMP4/CCN1",2
"GO:0060993","kidney morphogenesis","2/37","38/7601",0.0526315789473684,10.8122332859175,4.2407679714789,0.0145190857785113,0.24396336284012,0.207841762329335,"BMP4/TMEM59L",2
"GO:0002713","negative regulation of B cell mediated immunity","1/37","3/7601",0.333333333333333,68.4774774774775,8.17526275236878,0.0145342741435993,0.24396336284012,0.207841762329335,"NDFIP1",1
"GO:0002890","negative regulation of immunoglobulin mediated immune response","1/37","3/7601",0.333333333333333,68.4774774774775,8.17526275236878,0.0145342741435993,0.24396336284012,0.207841762329335,"NDFIP1",1
"GO:0003149","membranous septum morphogenesis","1/37","3/7601",0.333333333333333,68.4774774774775,8.17526275236878,0.0145342741435993,0.24396336284012,0.207841762329335,"BMP4",1
"GO:0036305","ameloblast differentiation","1/37","3/7601",0.333333333333333,68.4774774774775,8.17526275236878,0.0145342741435993,0.24396336284012,0.207841762329335,"BMP4",1
"GO:0042481","regulation of odontogenesis","1/37","3/7601",0.333333333333333,68.4774774774775,8.17526275236878,0.0145342741435993,0.24396336284012,0.207841762329335,"BMP4",1
"GO:0051004","regulation of lipoprotein lipase activity","1/37","3/7601",0.333333333333333,68.4774774774775,8.17526275236878,0.0145342741435993,0.24396336284012,0.207841762329335,"APOH",1
"GO:0060601","lateral sprouting from an epithelium","1/37","3/7601",0.333333333333333,68.4774774774775,8.17526275236878,0.0145342741435993,0.24396336284012,0.207841762329335,"BMP4",1
"GO:0061046","regulation of branching involved in lung morphogenesis","1/37","3/7601",0.333333333333333,68.4774774774775,8.17526275236878,0.0145342741435993,0.24396336284012,0.207841762329335,"BMP4",1
"GO:0072103","glomerulus vasculature morphogenesis","1/37","3/7601",0.333333333333333,68.4774774774775,8.17526275236878,0.0145342741435993,0.24396336284012,0.207841762329335,"BMP4",1
"GO:0072104","glomerular capillary formation","1/37","3/7601",0.333333333333333,68.4774774774775,8.17526275236878,0.0145342741435993,0.24396336284012,0.207841762329335,"BMP4",1
"GO:0099105","ion channel modulating, G protein-coupled receptor signaling pathway","1/37","3/7601",0.333333333333333,68.4774774774775,8.17526275236878,0.0145342741435993,0.24396336284012,0.207841762329335,"ORAI1",1
"GO:0180011","cytosolic mRNA polyadenylation","1/37","3/7601",0.333333333333333,68.4774774774775,8.17526275236878,0.0145342741435993,0.24396336284012,0.207841762329335,"APLP1",1
"GO:1901723","negative regulation of cell proliferation involved in kidney development","1/37","3/7601",0.333333333333333,68.4774774774775,8.17526275236878,0.0145342741435993,0.24396336284012,0.207841762329335,"BMP4",1
"GO:1904238","pericyte cell differentiation","1/37","3/7601",0.333333333333333,68.4774774774775,8.17526275236878,0.0145342741435993,0.24396336284012,0.207841762329335,"BMP4",1
"GO:1905331","negative regulation of morphogenesis of an epithelium","1/37","3/7601",0.333333333333333,68.4774774774775,8.17526275236878,0.0145342741435993,0.24396336284012,0.207841762329335,"BMP4",1
"GO:0003281","ventricular septum development","2/37","40/7601",0.05,10.2716216216216,4.11176205444097,0.0160116479837434,0.24396336284012,0.207841762329335,"BMP4/CCN1",2
"GO:0070167","regulation of biomineral tissue development","2/37","41/7601",0.0487804878048781,10.0210942649967,4.05062603397044,0.016781648858295,0.24396336284012,0.207841762329335,"BMP4/CCN1",2
"GO:0051606","detection of stimulus","2/37","43/7601",0.0465116279069767,9.55499685732244,3.93443646409654,0.0183682774501345,0.24396336284012,0.207841762329335,"BACE1/LXN",2
"GO:0050790","regulation of catalytic activity","7/37","573/7601",0.012216404886562,2.50964577142588,2.62826037542422,0.018840653212492,0.24396336284012,0.207841762329335,"APOH/CCN1/ITIH4/LXN/ORAI1/TRIB3/UVRAG",7
"GO:0001657","ureteric bud development","2/37","44/7601",0.0454545454545455,9.33783783783784,3.8791535387551,0.0191845834850413,0.24396336284012,0.207841762329335,"BMP4/TMEM59L",2
"GO:0001823","mesonephros development","2/37","44/7601",0.0454545454545455,9.33783783783784,3.8791535387551,0.0191845834850413,0.24396336284012,0.207841762329335,"BMP4/TMEM59L",2
"GO:0072163","mesonephric epithelium development","2/37","44/7601",0.0454545454545455,9.33783783783784,3.8791535387551,0.0191845834850413,0.24396336284012,0.207841762329335,"BMP4/TMEM59L",2
"GO:0072164","mesonephric tubule development","2/37","44/7601",0.0454545454545455,9.33783783783784,3.8791535387551,0.0191845834850413,0.24396336284012,0.207841762329335,"BMP4/TMEM59L",2
"GO:0003253","cardiac neural crest cell migration involved in outflow tract morphogenesis","1/37","4/7601",0.25,51.3581081081081,7.04547432161618,0.0193331991049949,0.24396336284012,0.207841762329335,"BMP4",1
"GO:0032713","negative regulation of interleukin-4 production","1/37","4/7601",0.25,51.3581081081081,7.04547432161618,0.0193331991049949,0.24396336284012,0.207841762329335,"NDFIP1",1
"GO:0033087","negative regulation of immature T cell proliferation","1/37","4/7601",0.25,51.3581081081081,7.04547432161618,0.0193331991049949,0.24396336284012,0.207841762329335,"BMP4",1
"GO:0033088","negative regulation of immature T cell proliferation in thymus","1/37","4/7601",0.25,51.3581081081081,7.04547432161618,0.0193331991049949,0.24396336284012,0.207841762329335,"BMP4",1
"GO:0034486","vacuolar transmembrane transport","1/37","4/7601",0.25,51.3581081081081,7.04547432161618,0.0193331991049949,0.24396336284012,0.207841762329335,"SLC46A3",1
"GO:0035723","interleukin-15-mediated signaling pathway","1/37","4/7601",0.25,51.3581081081081,7.04547432161618,0.0193331991049949,0.24396336284012,0.207841762329335,"MFAP3",1
"GO:0045603","positive regulation of endothelial cell differentiation","1/37","4/7601",0.25,51.3581081081081,7.04547432161618,0.0193331991049949,0.24396336284012,0.207841762329335,"BMP4",1
"GO:0050965","detection of temperature stimulus involved in sensory perception of pain","1/37","4/7601",0.25,51.3581081081081,7.04547432161618,0.0193331991049949,0.24396336284012,0.207841762329335,"LXN",1
"GO:0050966","detection of mechanical stimulus involved in sensory perception of pain","1/37","4/7601",0.25,51.3581081081081,7.04547432161618,0.0193331991049949,0.24396336284012,0.207841762329335,"BACE1",1
"GO:0060134","prepulse inhibition","1/37","4/7601",0.25,51.3581081081081,7.04547432161618,0.0193331991049949,0.24396336284012,0.207841762329335,"BACE1",1
"GO:0060363","cranial suture morphogenesis","1/37","4/7601",0.25,51.3581081081081,7.04547432161618,0.0193331991049949,0.24396336284012,0.207841762329335,"BMP4",1
"GO:0060710","chorio-allantoic fusion","1/37","4/7601",0.25,51.3581081081081,7.04547432161618,0.0193331991049949,0.24396336284012,0.207841762329335,"CCN1",1
"GO:0061438","renal system vasculature morphogenesis","1/37","4/7601",0.25,51.3581081081081,7.04547432161618,0.0193331991049949,0.24396336284012,0.207841762329335,"BMP4",1
"GO:0061439","kidney vasculature morphogenesis","1/37","4/7601",0.25,51.3581081081081,7.04547432161618,0.0193331991049949,0.24396336284012,0.207841762329335,"BMP4",1
"GO:0061626","pharyngeal arch artery morphogenesis","1/37","4/7601",0.25,51.3581081081081,7.04547432161618,0.0193331991049949,0.24396336284012,0.207841762329335,"BMP4",1
"GO:0070244","negative regulation of thymocyte apoptotic process","1/37","4/7601",0.25,51.3581081081081,7.04547432161618,0.0193331991049949,0.24396336284012,0.207841762329335,"BMP4",1
"GO:0071350","cellular response to interleukin-15","1/37","4/7601",0.25,51.3581081081081,7.04547432161618,0.0193331991049949,0.24396336284012,0.207841762329335,"MFAP3",1
"GO:0072102","glomerulus morphogenesis","1/37","4/7601",0.25,51.3581081081081,7.04547432161618,0.0193331991049949,0.24396336284012,0.207841762329335,"BMP4",1
"GO:0072110","glomerular mesangial cell proliferation","1/37","4/7601",0.25,51.3581081081081,7.04547432161618,0.0193331991049949,0.24396336284012,0.207841762329335,"BMP4",1
"GO:0072124","regulation of glomerular mesangial cell proliferation","1/37","4/7601",0.25,51.3581081081081,7.04547432161618,0.0193331991049949,0.24396336284012,0.207841762329335,"BMP4",1
"GO:0090154","positive regulation of sphingolipid biosynthetic process","1/37","4/7601",0.25,51.3581081081081,7.04547432161618,0.0193331991049949,0.24396336284012,0.207841762329335,"CCN1",1
"GO:1901098","positive regulation of autophagosome maturation","1/37","4/7601",0.25,51.3581081081081,7.04547432161618,0.0193331991049949,0.24396336284012,0.207841762329335,"UVRAG",1
"GO:1903292","protein localization to Golgi membrane","1/37","4/7601",0.25,51.3581081081081,7.04547432161618,0.0193331991049949,0.24396336284012,0.207841762329335,"ARL5B",1
"GO:1903566","positive regulation of protein localization to cilium","1/37","4/7601",0.25,51.3581081081081,7.04547432161618,0.0193331991049949,0.24396336284012,0.207841762329335,"ENTR1",1
"GO:2000304","positive regulation of ceramide biosynthetic process","1/37","4/7601",0.25,51.3581081081081,7.04547432161618,0.0193331991049949,0.24396336284012,0.207841762329335,"CCN1",1
"GO:0050868","negative regulation of T cell activation","2/37","45/7601",0.0444444444444444,9.13033033033033,3.82560715844619,0.0200160047632064,0.24396336284012,0.207841762329335,"BMP4/NDFIP1",2
"GO:0072009","nephron epithelium development","2/37","45/7601",0.0444444444444444,9.13033033033033,3.82560715844619,0.0200160047632064,0.24396336284012,0.207841762329335,"BMP4/TMEM59L",2
"GO:0001501","skeletal system development","4/37","216/7601",0.0185185185185185,3.8043043043043,2.92421070342521,0.0201142737611109,0.24396336284012,0.207841762329335,"BMP4/CCN1/CCN2/HOXA6",4
"GO:0061448","connective tissue development","3/37","120/7601",0.025,5.13581081081081,3.19376794620435,0.0201862620421549,0.24396336284012,0.207841762329335,"BMP4/CCN1/CCN2",3
"GO:0006890","retrograde vesicle-mediated transport, Golgi to endoplasmic reticulum","2/37","46/7601",0.0434782608695652,8.93184488836663,3.77370365378747,0.0208623832417442,0.24396336284012,0.207841762329335,"ARF3/UVRAG",2
"GO:0001525","angiogenesis","4/37","222/7601",0.018018018018018,3.70148526905284,2.85701311405609,0.0220022336649968,0.24396336284012,0.207841762329335,"APOH/BMP4/CCN1/CCN2",4
"GO:0009896","positive regulation of catabolic process","5/37","340/7601",0.0147058823529412,3.02106518282989,2.66657288521105,0.023366149361131,0.24396336284012,0.207841762329335,"MEX3D/NDFIP1/PABIR1/TRIB3/UVRAG",5
"GO:0002829","negative regulation of type 2 immune response","1/37","5/7601",0.2,41.0864864864865,6.27079227924679,0.0241093833399709,0.24396336284012,0.207841762329335,"NDFIP1",1
"GO:0003129","heart induction","1/37","5/7601",0.2,41.0864864864865,6.27079227924679,0.0241093833399709,0.24396336284012,0.207841762329335,"BMP4",1
"GO:0003163","sinoatrial node development","1/37","5/7601",0.2,41.0864864864865,6.27079227924679,0.0241093833399709,0.24396336284012,0.207841762329335,"BMP4",1
"GO:0016048","detection of temperature stimulus","1/37","5/7601",0.2,41.0864864864865,6.27079227924679,0.0241093833399709,0.24396336284012,0.207841762329335,"LXN",1
"GO:0021978","telencephalon regionalization","1/37","5/7601",0.2,41.0864864864865,6.27079227924679,0.0241093833399709,0.24396336284012,0.207841762329335,"BMP4",1
"GO:0035434","copper ion transmembrane transport","1/37","5/7601",0.2,41.0864864864865,6.27079227924679,0.0241093833399709,0.24396336284012,0.207841762329335,"SLC46A3",1
"GO:0050961","detection of temperature stimulus involved in sensory perception","1/37","5/7601",0.2,41.0864864864865,6.27079227924679,0.0241093833399709,0.24396336284012,0.207841762329335,"LXN",1
"GO:0060449","bud elongation involved in lung branching","1/37","5/7601",0.2,41.0864864864865,6.27079227924679,0.0241093833399709,0.24396336284012,0.207841762329335,"BMP4",1
"GO:0060572","morphogenesis of an epithelial bud","1/37","5/7601",0.2,41.0864864864865,6.27079227924679,0.0241093833399709,0.24396336284012,0.207841762329335,"BMP4",1
"GO:0060592","mammary gland formation","1/37","5/7601",0.2,41.0864864864865,6.27079227924679,0.0241093833399709,0.24396336284012,0.207841762329335,"BMP4",1
"GO:0061309","cardiac neural crest cell development involved in outflow tract morphogenesis","1/37","5/7601",0.2,41.0864864864865,6.27079227924679,0.0241093833399709,0.24396336284012,0.207841762329335,"BMP4",1
"GO:0070672","response to interleukin-15","1/37","5/7601",0.2,41.0864864864865,6.27079227924679,0.0241093833399709,0.24396336284012,0.207841762329335,"MFAP3",1
"GO:0071287","cellular response to manganese ion","1/37","5/7601",0.2,41.0864864864865,6.27079227924679,0.0241093833399709,0.24396336284012,0.207841762329335,"BACE1",1
"GO:0072109","glomerular mesangium development","1/37","5/7601",0.2,41.0864864864865,6.27079227924679,0.0241093833399709,0.24396336284012,0.207841762329335,"BMP4",1
"GO:0072197","ureter morphogenesis","1/37","5/7601",0.2,41.0864864864865,6.27079227924679,0.0241093833399709,0.24396336284012,0.207841762329335,"BMP4",1
"GO:0072201","negative regulation of mesenchymal cell proliferation","1/37","5/7601",0.2,41.0864864864865,6.27079227924679,0.0241093833399709,0.24396336284012,0.207841762329335,"BMP4",1
"GO:0072378","blood coagulation, fibrin clot formation","1/37","5/7601",0.2,41.0864864864865,6.27079227924679,0.0241093833399709,0.24396336284012,0.207841762329335,"APOH",1
"GO:0090153","regulation of sphingolipid biosynthetic process","1/37","5/7601",0.2,41.0864864864865,6.27079227924679,0.0241093833399709,0.24396336284012,0.207841762329335,"CCN1",1
"GO:1903800","positive regulation of miRNA processing","1/37","5/7601",0.2,41.0864864864865,6.27079227924679,0.0241093833399709,0.24396336284012,0.207841762329335,"BMP4",1
"GO:1905770","regulation of mesodermal cell differentiation","1/37","5/7601",0.2,41.0864864864865,6.27079227924679,0.0241093833399709,0.24396336284012,0.207841762329335,"BMP4",1
"GO:2000303","regulation of ceramide biosynthetic process","1/37","5/7601",0.2,41.0864864864865,6.27079227924679,0.0241093833399709,0.24396336284012,0.207841762329335,"CCN1",1
"GO:2000562","negative regulation of CD4-positive, alpha-beta T cell proliferation","1/37","5/7601",0.2,41.0864864864865,6.27079227924679,0.0241093833399709,0.24396336284012,0.207841762329335,"NDFIP1",1
"GO:2000634","regulation of primary miRNA processing","1/37","5/7601",0.2,41.0864864864865,6.27079227924679,0.0241093833399709,0.24396336284012,0.207841762329335,"BMP4",1
"GO:2000826","regulation of heart morphogenesis","1/37","5/7601",0.2,41.0864864864865,6.27079227924679,0.0241093833399709,0.24396336284012,0.207841762329335,"BMP4",1
"GO:0002062","chondrocyte differentiation","2/37","50/7601",0.04,8.2172972972973,3.58087581892999,0.0243943469232131,0.24396336284012,0.207841762329335,"BMP4/CCN2",2
"GO:0030278","regulation of ossification","2/37","50/7601",0.04,8.2172972972973,3.58087581892999,0.0243943469232131,0.24396336284012,0.207841762329335,"BMP4/CCN1",2
"GO:0030510","regulation of BMP signaling pathway","2/37","50/7601",0.04,8.2172972972973,3.58087581892999,0.0243943469232131,0.24396336284012,0.207841762329335,"BMP4/CCN1",2
"GO:0032436","positive regulation of proteasomal ubiquitin-dependent protein catabolic process","2/37","50/7601",0.04,8.2172972972973,3.58087581892999,0.0243943469232131,0.24396336284012,0.207841762329335,"PABIR1/TRIB3",2
"GO:1903038","negative regulation of leukocyte cell-cell adhesion","2/37","50/7601",0.04,8.2172972972973,3.58087581892999,0.0243943469232131,0.24396336284012,0.207841762329335,"BMP4/NDFIP1",2
"GO:0051250","negative regulation of lymphocyte activation","2/37","52/7601",0.0384615384615385,7.9012474012474,3.49233948208674,0.0262460436269116,0.24396336284012,0.207841762329335,"BMP4/NDFIP1",2
"GO:0007600","sensory perception","3/37","134/7601",0.0223880597014925,4.59923356192013,2.93982346125903,0.026907891355468,0.24396336284012,0.207841762329335,"BACE1/LXN/ZNF513",3
"GO:0045732","positive regulation of protein catabolic process","3/37","134/7601",0.0223880597014925,4.59923356192013,2.93982346125903,0.026907891355468,0.24396336284012,0.207841762329335,"NDFIP1/PABIR1/TRIB3",3
"GO:0048706","embryonic skeletal system development","2/37","53/7601",0.0377358490566038,7.75216726160122,3.44982511083029,0.0271927895056471,0.24396336284012,0.207841762329335,"BMP4/HOXA6",2
"GO:0030282","bone mineralization","2/37","54/7601",0.037037037037037,7.60860860860861,3.40840846137295,0.02815326756073,0.24396336284012,0.207841762329335,"BMP4/CCN1",2
"GO:0001502","cartilage condensation","1/37","6/7601",0.166666666666667,34.2387387387387,5.69623856911517,0.0288629316307061,0.24396336284012,0.207841762329335,"CCN2",1
"GO:0001964","startle response","1/37","6/7601",0.166666666666667,34.2387387387387,5.69623856911517,0.0288629316307061,0.24396336284012,0.207841762329335,"BACE1",1
"GO:0002701","negative regulation of production of molecular mediator of immune response","1/37","6/7601",0.166666666666667,34.2387387387387,5.69623856911517,0.0288629316307061,0.24396336284012,0.207841762329335,"NDFIP1",1
"GO:0003139","secondary heart field specification","1/37","6/7601",0.166666666666667,34.2387387387387,5.69623856911517,0.0288629316307061,0.24396336284012,0.207841762329335,"BMP4",1
"GO:0021871","forebrain regionalization","1/37","6/7601",0.166666666666667,34.2387387387387,5.69623856911517,0.0288629316307061,0.24396336284012,0.207841762329335,"BMP4",1
"GO:0033079","immature T cell proliferation","1/37","6/7601",0.166666666666667,34.2387387387387,5.69623856911517,0.0288629316307061,0.24396336284012,0.207841762329335,"BMP4",1
"GO:0033080","immature T cell proliferation in thymus","1/37","6/7601",0.166666666666667,34.2387387387387,5.69623856911517,0.0288629316307061,0.24396336284012,0.207841762329335,"BMP4",1
"GO:0033083","regulation of immature T cell proliferation","1/37","6/7601",0.166666666666667,34.2387387387387,5.69623856911517,0.0288629316307061,0.24396336284012,0.207841762329335,"BMP4",1
"GO:0033084","regulation of immature T cell proliferation in thymus","1/37","6/7601",0.166666666666667,34.2387387387387,5.69623856911517,0.0288629316307061,0.24396336284012,0.207841762329335,"BMP4",1
"GO:0033085","negative regulation of T cell differentiation in thymus","1/37","6/7601",0.166666666666667,34.2387387387387,5.69623856911517,0.0288629316307061,0.24396336284012,0.207841762329335,"BMP4",1
"GO:0048302","regulation of isotype switching to IgG isotypes","1/37","6/7601",0.166666666666667,34.2387387387387,5.69623856911517,0.0288629316307061,0.24396336284012,0.207841762329335,"NDFIP1",1
"GO:0050951","sensory perception of temperature stimulus","1/37","6/7601",0.166666666666667,34.2387387387387,5.69623856911517,0.0288629316307061,0.24396336284012,0.207841762329335,"LXN",1
"GO:0051918","negative regulation of fibrinolysis","1/37","6/7601",0.166666666666667,34.2387387387387,5.69623856911517,0.0288629316307061,0.24396336284012,0.207841762329335,"APOH",1
"GO:0060272","embryonic skeletal joint morphogenesis","1/37","6/7601",0.166666666666667,34.2387387387387,5.69623856911517,0.0288629316307061,0.24396336284012,0.207841762329335,"BMP4",1
"GO:0060426","lung vasculature development","1/37","6/7601",0.166666666666667,34.2387387387387,5.69623856911517,0.0288629316307061,0.24396336284012,0.207841762329335,"BMP4",1
"GO:0060433","bronchus development","1/37","6/7601",0.166666666666667,34.2387387387387,5.69623856911517,0.0288629316307061,0.24396336284012,0.207841762329335,"BMP4",1
"GO:0060440","trachea formation","1/37","6/7601",0.166666666666667,34.2387387387387,5.69623856911517,0.0288629316307061,0.24396336284012,0.207841762329335,"BMP4",1
"GO:0060973","cell migration involved in heart development","1/37","6/7601",0.166666666666667,34.2387387387387,5.69623856911517,0.0288629316307061,0.24396336284012,0.207841762329335,"BMP4",1
"GO:0072178","nephric duct morphogenesis","1/37","6/7601",0.166666666666667,34.2387387387387,5.69623856911517,0.0288629316307061,0.24396336284012,0.207841762329335,"BMP4",1
"GO:0098743","cell aggregation","1/37","6/7601",0.166666666666667,34.2387387387387,5.69623856911517,0.0288629316307061,0.24396336284012,0.207841762329335,"CCN2",1
"GO:0106072","negative regulation of adenylate cyclase-activating G protein-coupled receptor signaling pathway","1/37","6/7601",0.166666666666667,34.2387387387387,5.69623856911517,0.0288629316307061,0.24396336284012,0.207841762329335,"APLP1",1
"GO:1901331","positive regulation of odontoblast differentiation","1/37","6/7601",0.166666666666667,34.2387387387387,5.69623856911517,0.0288629316307061,0.24396336284012,0.207841762329335,"BMP4",1
"GO:1901722","regulation of cell proliferation involved in kidney development","1/37","6/7601",0.166666666666667,34.2387387387387,5.69623856911517,0.0288629316307061,0.24396336284012,0.207841762329335,"BMP4",1
"GO:2000727","positive regulation of cardiac muscle cell differentiation","1/37","6/7601",0.166666666666667,34.2387387387387,5.69623856911517,0.0288629316307061,0.24396336284012,0.207841762329335,"BMP4",1
"GO:0043408","regulation of MAPK cascade","4/37","248/7601",0.0161290322580645,3.31342632955536,2.59048528450035,0.0314274586037723,0.24396336284012,0.207841762329335,"BMP4/CCN1/CCN2/MFAP3",4
"GO:0001936","regulation of endothelial cell proliferation","2/37","58/7601",0.0344827586206897,7.08387698042871,3.25277680774178,0.0321295510537313,0.24396336284012,0.207841762329335,"APOH/BMP4",2
"GO:0002695","negative regulation of leukocyte activation","2/37","58/7601",0.0344827586206897,7.08387698042871,3.25277680774178,0.0321295510537313,0.24396336284012,0.207841762329335,"BMP4/NDFIP1",2
"GO:0045667","regulation of osteoblast differentiation","2/37","59/7601",0.0338983050847458,6.96381126889601,3.21616655337767,0.0331564862403533,0.24396336284012,0.207841762329335,"BMP4/CCN1",2
"GO:0090100","positive regulation of transmembrane receptor protein serine/threonine kinase signaling pathway","2/37","59/7601",0.0338983050847458,6.96381126889601,3.21616655337767,0.0331564862403533,0.24396336284012,0.207841762329335,"BMP4/CCN1",2
"GO:0001710","mesodermal cell fate commitment","1/37","7/7601",0.142857142857143,29.3474903474903,5.24759413231767,0.0335939482903064,0.24396336284012,0.207841762329335,"BMP4",1
"GO:0003228","atrial cardiac muscle tissue development","1/37","7/7601",0.142857142857143,29.3474903474903,5.24759413231767,0.0335939482903064,0.24396336284012,0.207841762329335,"BMP4",1
"GO:0021904","dorsal/ventral neural tube patterning","1/37","7/7601",0.142857142857143,29.3474903474903,5.24759413231767,0.0335939482903064,0.24396336284012,0.207841762329335,"BMP4",1
"GO:0033033","negative regulation of myeloid cell apoptotic process","1/37","7/7601",0.142857142857143,29.3474903474903,5.24759413231767,0.0335939482903064,0.24396336284012,0.207841762329335,"APOH",1
"GO:0034392","negative regulation of smooth muscle cell apoptotic process","1/37","7/7601",0.142857142857143,29.3474903474903,5.24759413231767,0.0335939482903064,0.24396336284012,0.207841762329335,"APOH",1
"GO:0045843","negative regulation of striated muscle tissue development","1/37","7/7601",0.142857142857143,29.3474903474903,5.24759413231767,0.0335939482903064,0.24396336284012,0.207841762329335,"BMP4",1
"GO:0046642","negative regulation of alpha-beta T cell proliferation","1/37","7/7601",0.142857142857143,29.3474903474903,5.24759413231767,0.0335939482903064,0.24396336284012,0.207841762329335,"NDFIP1",1
"GO:0048291","isotype switching to IgG isotypes","1/37","7/7601",0.142857142857143,29.3474903474903,5.24759413231767,0.0335939482903064,0.24396336284012,0.207841762329335,"NDFIP1",1
"GO:0051917","regulation of fibrinolysis","1/37","7/7601",0.142857142857143,29.3474903474903,5.24759413231767,0.0335939482903064,0.24396336284012,0.207841762329335,"APOH",1
"GO:0060439","trachea morphogenesis","1/37","7/7601",0.142857142857143,29.3474903474903,5.24759413231767,0.0335939482903064,0.24396336284012,0.207841762329335,"BMP4",1
"GO:0060442","branching involved in prostate gland morphogenesis","1/37","7/7601",0.142857142857143,29.3474903474903,5.24759413231767,0.0335939482903064,0.24396336284012,0.207841762329335,"BMP4",1
"GO:0061307","cardiac neural crest cell differentiation involved in heart development","1/37","7/7601",0.142857142857143,29.3474903474903,5.24759413231767,0.0335939482903064,0.24396336284012,0.207841762329335,"BMP4",1
"GO:0061308","cardiac neural crest cell development involved in heart development","1/37","7/7601",0.142857142857143,29.3474903474903,5.24759413231767,0.0335939482903064,0.24396336284012,0.207841762329335,"BMP4",1
"GO:0070243","regulation of thymocyte apoptotic process","1/37","7/7601",0.142857142857143,29.3474903474903,5.24759413231767,0.0335939482903064,0.24396336284012,0.207841762329335,"BMP4",1
"GO:0072176","nephric duct development","1/37","7/7601",0.142857142857143,29.3474903474903,5.24759413231767,0.0335939482903064,0.24396336284012,0.207841762329335,"BMP4",1
"GO:0072376","protein activation cascade","1/37","7/7601",0.142857142857143,29.3474903474903,5.24759413231767,0.0335939482903064,0.24396336284012,0.207841762329335,"APOH",1
"GO:0097094","craniofacial suture morphogenesis","1/37","7/7601",0.142857142857143,29.3474903474903,5.24759413231767,0.0335939482903064,0.24396336284012,0.207841762329335,"BMP4",1
"GO:1902913","positive regulation of neuroepithelial cell differentiation","1/37","7/7601",0.142857142857143,29.3474903474903,5.24759413231767,0.0335939482903064,0.24396336284012,0.207841762329335,"BMP4",1
"GO:1903564","regulation of protein localization to cilium","1/37","7/7601",0.142857142857143,29.3474903474903,5.24759413231767,0.0335939482903064,0.24396336284012,0.207841762329335,"ENTR1",1
"GO:1905209","positive regulation of cardiocyte differentiation","1/37","7/7601",0.142857142857143,29.3474903474903,5.24759413231767,0.0335939482903064,0.24396336284012,0.207841762329335,"BMP4",1
"GO:0032465","regulation of cytokinesis","2/37","60/7601",0.0333333333333333,6.84774774774775,3.18039954921578,0.0341962793628039,0.24396336284012,0.207841762329335,"ENTR1/UVRAG",2
"GO:0072006","nephron development","2/37","60/7601",0.0333333333333333,6.84774774774775,3.18039954921578,0.0341962793628039,0.24396336284012,0.207841762329335,"BMP4/TMEM59L",2
"GO:0035239","tube morphogenesis","5/37","379/7601",0.0131926121372032,2.71019040148328,2.38873088967762,0.0351843558267052,0.24396336284012,0.207841762329335,"APOH/BMP4/CCN1/CCN2/TMEM59L",5
"GO:0003206","cardiac chamber morphogenesis","2/37","61/7601",0.0327868852459016,6.7354895879486,3.14544168767605,0.0352487883152803,0.24396336284012,0.207841762329335,"BMP4/CCN1",2
"GO:0003279","cardiac septum development","2/37","61/7601",0.0327868852459016,6.7354895879486,3.14544168767605,0.0352487883152803,0.24396336284012,0.207841762329335,"BMP4/CCN1",2
"GO:0072073","kidney epithelium development","2/37","61/7601",0.0327868852459016,6.7354895879486,3.14544168767605,0.0352487883152803,0.24396336284012,0.207841762329335,"BMP4/TMEM59L",2
"GO:0032102","negative regulation of response to external stimulus","3/37","151/7601",0.0198675496688742,4.08143905494899,2.67482773673781,0.0364973125718689,0.24396336284012,0.207841762329335,"APOH/BACE1/NDFIP1",3
"GO:0003231","cardiac ventricle development","2/37","63/7601",0.0317460317460317,6.52166452166452,3.07782641815847,0.0373913903434813,0.24396336284012,0.207841762329335,"BMP4/CCN1",2
"GO:0048514","blood vessel morphogenesis","4/37","263/7601",0.0152091254752852,3.12444764155791,2.45226246467732,0.0378082085704844,0.24396336284012,0.207841762329335,"APOH/BMP4/CCN1/CCN2",4
"GO:0002115","store-operated calcium entry","1/37","8/7601",0.125,25.6790540540541,4.88425917348282,0.0383025371648464,0.24396336284012,0.207841762329335,"ORAI1",1
"GO:0002828","regulation of type 2 immune response","1/37","8/7601",0.125,25.6790540540541,4.88425917348282,0.0383025371648464,0.24396336284012,0.207841762329335,"NDFIP1",1
"GO:0018230","peptidyl-L-cysteine S-palmitoylation","1/37","8/7601",0.125,25.6790540540541,4.88425917348282,0.0383025371648464,0.24396336284012,0.207841762329335,"ZDHHC20",1
"GO:0018231","peptidyl-S-diacylglycerol-L-cysteine biosynthetic process from peptidyl-cysteine","1/37","8/7601",0.125,25.6790540540541,4.88425917348282,0.0383025371648464,0.24396336284012,0.207841762329335,"ZDHHC20",1
"GO:0035739","CD4-positive, alpha-beta T cell proliferation","1/37","8/7601",0.125,25.6790540540541,4.88425917348282,0.0383025371648464,0.24396336284012,0.207841762329335,"NDFIP1",1
"GO:0045762","positive regulation of adenylate cyclase activity","1/37","8/7601",0.125,25.6790540540541,4.88425917348282,0.0383025371648464,0.24396336284012,0.207841762329335,"ORAI1",1
"GO:0048635","negative regulation of muscle organ development","1/37","8/7601",0.125,25.6790540540541,4.88425917348282,0.0383025371648464,0.24396336284012,0.207841762329335,"BMP4",1
"GO:0050869","negative regulation of B cell activation","1/37","8/7601",0.125,25.6790540540541,4.88425917348282,0.0383025371648464,0.24396336284012,0.207841762329335,"NDFIP1",1
"GO:0050974","detection of mechanical stimulus involved in sensory perception","1/37","8/7601",0.125,25.6790540540541,4.88425917348282,0.0383025371648464,0.24396336284012,0.207841762329335,"BACE1",1
"GO:0051657","maintenance of organelle location","1/37","8/7601",0.125,25.6790540540541,4.88425917348282,0.0383025371648464,0.24396336284012,0.207841762329335,"UVRAG",1
"GO:0060193","positive regulation of lipase activity","1/37","8/7601",0.125,25.6790540540541,4.88425917348282,0.0383025371648464,0.24396336284012,0.207841762329335,"APOH",1
"GO:0060502","epithelial cell proliferation involved in lung morphogenesis","1/37","8/7601",0.125,25.6790540540541,4.88425917348282,0.0383025371648464,0.24396336284012,0.207841762329335,"BMP4",1
"GO:0060571","morphogenesis of an epithelial fold","1/37","8/7601",0.125,25.6790540540541,4.88425917348282,0.0383025371648464,0.24396336284012,0.207841762329335,"BMP4",1
"GO:0072012","glomerulus vasculature development","1/37","8/7601",0.125,25.6790540540541,4.88425917348282,0.0383025371648464,0.24396336284012,0.207841762329335,"BMP4",1
"GO:0072273","metanephric nephron morphogenesis","1/37","8/7601",0.125,25.6790540540541,4.88425917348282,0.0383025371648464,0.24396336284012,0.207841762329335,"BMP4",1
"GO:0072498","embryonic skeletal joint development","1/37","8/7601",0.125,25.6790540540541,4.88425917348282,0.0383025371648464,0.24396336284012,0.207841762329335,"BMP4",1
"GO:1901329","regulation of odontoblast differentiation","1/37","8/7601",0.125,25.6790540540541,4.88425917348282,0.0383025371648464,0.24396336284012,0.207841762329335,"BMP4",1
"GO:1901862","negative regulation of muscle tissue development","1/37","8/7601",0.125,25.6790540540541,4.88425917348282,0.0383025371648464,0.24396336284012,0.207841762329335,"BMP4",1
"GO:1905038","regulation of membrane lipid metabolic process","1/37","8/7601",0.125,25.6790540540541,4.88425917348282,0.0383025371648464,0.24396336284012,0.207841762329335,"CCN1",1
"GO:1990806","ligand-gated ion channel signaling pathway","1/37","8/7601",0.125,25.6790540540541,4.88425917348282,0.0383025371648464,0.24396336284012,0.207841762329335,"ORAI1",1
"GO:2000561","regulation of CD4-positive, alpha-beta T cell proliferation","1/37","8/7601",0.125,25.6790540540541,4.88425917348282,0.0383025371648464,0.24396336284012,0.207841762329335,"NDFIP1",1
"GO:0042129","regulation of T cell proliferation","2/37","64/7601",0.03125,6.41976351351351,3.04510985179661,0.0384812042458382,0.24396336284012,0.207841762329335,"BMP4/NDFIP1",2
"GO:2000060","positive regulation of ubiquitin-dependent protein catabolic process","2/37","64/7601",0.03125,6.41976351351351,3.04510985179661,0.0384812042458382,0.24396336284012,0.207841762329335,"PABIR1/TRIB3",2
"GO:0043410","positive regulation of MAPK cascade","3/37","157/7601",0.0191082802547771,3.92546049233947,2.5904354783431,0.0402519379781996,0.2484220129904,0.211640257701985,"BMP4/CCN2/MFAP3",3
"GO:0010466","negative regulation of peptidase activity","2/37","66/7601",0.0303030303030303,6.22522522522523,2.98172270460266,0.0406971673607377,0.2484220129904,0.211640257701985,"ITIH4/LXN",2
"GO:0050680","negative regulation of epithelial cell proliferation","2/37","66/7601",0.0303030303030303,6.22522522522523,2.98172270460266,0.0406971673607377,0.2484220129904,0.211640257701985,"APOH/BMP4",2
"GO:0050866","negative regulation of cell activation","2/37","66/7601",0.0303030303030303,6.22522522522523,2.98172270460266,0.0406971673607377,0.2484220129904,0.211640257701985,"BMP4/NDFIP1",2
"GO:0001935","endothelial cell proliferation","2/37","68/7601",0.0294117647058824,6.04213036565978,2.92089833406623,0.0429606684384103,0.2484220129904,0.211640257701985,"APOH/BMP4",2
"GO:0003184","pulmonary valve morphogenesis","1/37","9/7601",0.111111111111111,22.8258258258258,4.58190138999574,0.0429888016353984,0.2484220129904,0.211640257701985,"BMP4",1
"GO:0006953","acute-phase response","1/37","9/7601",0.111111111111111,22.8258258258258,4.58190138999574,0.0429888016353984,0.2484220129904,0.211640257701985,"ITIH4",1
"GO:0033690","positive regulation of osteoblast proliferation","1/37","9/7601",0.111111111111111,22.8258258258258,4.58190138999574,0.0429888016353984,0.2484220129904,0.211640257701985,"CCN1",1
"GO:0042730","fibrinolysis","1/37","9/7601",0.111111111111111,22.8258258258258,4.58190138999574,0.0429888016353984,0.2484220129904,0.211640257701985,"APOH",1
"GO:0048745","smooth muscle tissue development","1/37","9/7601",0.111111111111111,22.8258258258258,4.58190138999574,0.0429888016353984,0.2484220129904,0.211640257701985,"BMP4",1
"GO:0060413","atrial septum morphogenesis","1/37","9/7601",0.111111111111111,22.8258258258258,4.58190138999574,0.0429888016353984,0.2484220129904,0.211640257701985,"CCN1",1
"GO:0060713","labyrinthine layer morphogenesis","1/37","9/7601",0.111111111111111,22.8258258258258,4.58190138999574,0.0429888016353984,0.2484220129904,0.211640257701985,"CCN1",1
"GO:0061437","renal system vasculature development","1/37","9/7601",0.111111111111111,22.8258258258258,4.58190138999574,0.0429888016353984,0.2484220129904,0.211640257701985,"BMP4",1
"GO:0061440","kidney vasculature development","1/37","9/7601",0.111111111111111,22.8258258258258,4.58190138999574,0.0429888016353984,0.2484220129904,0.211640257701985,"BMP4",1
"GO:0070233","negative regulation of T cell apoptotic process","1/37","9/7601",0.111111111111111,22.8258258258258,4.58190138999574,0.0429888016353984,0.2484220129904,0.211640257701985,"BMP4",1
"GO:0072111","cell proliferation involved in kidney development","1/37","9/7601",0.111111111111111,22.8258258258258,4.58190138999574,0.0429888016353984,0.2484220129904,0.211640257701985,"BMP4",1
"GO:0090189","regulation of branching involved in ureteric bud morphogenesis","1/37","9/7601",0.111111111111111,22.8258258258258,4.58190138999574,0.0429888016353984,0.2484220129904,0.211640257701985,"BMP4",1
"GO:0097680","double-strand break repair via classical nonhomologous end joining","1/37","9/7601",0.111111111111111,22.8258258258258,4.58190138999574,0.0429888016353984,0.2484220129904,0.211640257701985,"UVRAG",1
"GO:0106070","regulation of adenylate cyclase-activating G protein-coupled receptor signaling pathway","1/37","9/7601",0.111111111111111,22.8258258258258,4.58190138999574,0.0429888016353984,0.2484220129904,0.211640257701985,"APLP1",1
"GO:1904753","negative regulation of vascular associated smooth muscle cell migration","1/37","9/7601",0.111111111111111,22.8258258258258,4.58190138999574,0.0429888016353984,0.2484220129904,0.211640257701985,"BMP4",1
"GO:0051099","positive regulation of binding","2/37","69/7601",0.0289855072463768,5.95456325891108,2.89138993937417,0.044109908456594,0.253777711208422,0.216202982789798,"BMP4/TRIB3",2
"GO:0009887","animal organ morphogenesis","5/37","404/7601",0.0123762376237624,2.54248059941129,2.22826346562143,0.0444391729738752,0.254018837035869,0.216408407146702,"APLP1/BMP4/CCN1/CCN2/TMEM59L",5
"GO:0002043","blood vessel endothelial cell proliferation involved in sprouting angiogenesis","1/37","10/7601",0.1,20.5432432432432,4.3249295731887,0.0476528446200519,0.254018837035869,0.216408407146702,"BMP4",1
"GO:0002823","negative regulation of adaptive immune response based on somatic recombination of immune receptors built from immunoglobulin superfamily domains","1/37","10/7601",0.1,20.5432432432432,4.3249295731887,0.0476528446200519,0.254018837035869,0.216408407146702,"NDFIP1",1
"GO:0003338","metanephros morphogenesis","1/37","10/7601",0.1,20.5432432432432,4.3249295731887,0.0476528446200519,0.254018837035869,0.216408407146702,"BMP4",1
"GO:0032331","negative regulation of chondrocyte differentiation","1/37","10/7601",0.1,20.5432432432432,4.3249295731887,0.0476528446200519,0.254018837035869,0.216408407146702,"BMP4",1
"GO:0032633","interleukin-4 production","1/37","10/7601",0.1,20.5432432432432,4.3249295731887,0.0476528446200519,0.254018837035869,0.216408407146702,"NDFIP1",1
"GO:0032673","regulation of interleukin-4 production","1/37","10/7601",0.1,20.5432432432432,4.3249295731887,0.0476528446200519,0.254018837035869,0.216408407146702,"NDFIP1",1
"GO:0042092","type 2 immune response","1/37","10/7601",0.1,20.5432432432432,4.3249295731887,0.0476528446200519,0.254018837035869,0.216408407146702,"NDFIP1",1
"GO:0045662","negative regulation of myoblast differentiation","1/37","10/7601",0.1,20.5432432432432,4.3249295731887,0.0476528446200519,0.254018837035869,0.216408407146702,"BMP4",1
"GO:0051349","positive regulation of lyase activity","1/37","10/7601",0.1,20.5432432432432,4.3249295731887,0.0476528446200519,0.254018837035869,0.216408407146702,"ORAI1",1
"GO:0060148","positive regulation of post-transcriptional gene silencing","1/37","10/7601",0.1,20.5432432432432,4.3249295731887,0.0476528446200519,0.254018837035869,0.216408407146702,"BMP4",1
"GO:0061037","negative regulation of cartilage development","1/37","10/7601",0.1,20.5432432432432,4.3249295731887,0.0476528446200519,0.254018837035869,0.216408407146702,"BMP4",1
"GO:0072189","ureter development","1/37","10/7601",0.1,20.5432432432432,4.3249295731887,0.0476528446200519,0.254018837035869,0.216408407146702,"BMP4",1
"GO:0072210","metanephric nephron development","1/37","10/7601",0.1,20.5432432432432,4.3249295731887,0.0476528446200519,0.254018837035869,0.216408407146702,"BMP4",1
"GO:1900370","positive regulation of post-transcriptional gene silencing by RNA","1/37","10/7601",0.1,20.5432432432432,4.3249295731887,0.0476528446200519,0.254018837035869,0.216408407146702,"BMP4",1
"GO:1900745","positive regulation of p38MAPK cascade","1/37","10/7601",0.1,20.5432432432432,4.3249295731887,0.0476528446200519,0.254018837035869,0.216408407146702,"BMP4",1
"GO:1901096","regulation of autophagosome maturation","1/37","10/7601",0.1,20.5432432432432,4.3249295731887,0.0476528446200519,0.254018837035869,0.216408407146702,"UVRAG",1
"GO:2000637","positive regulation of miRNA-mediated gene silencing","1/37","10/7601",0.1,20.5432432432432,4.3249295731887,0.0476528446200519,0.254018837035869,0.216408407146702,"BMP4",1
"GO:0030879","mammary gland development","2/37","73/7601",0.0273972602739726,5.62828582006664,2.77890495996225,0.0488203679885577,0.256061849771311,0.218148928192372,"BMP4/ORAI1",2
"GO:0031214","biomineral tissue development","2/37","73/7601",0.0273972602739726,5.62828582006664,2.77890495996225,0.0488203679885577,0.256061849771311,0.218148928192372,"BMP4/CCN1",2
"GO:0046890","regulation of lipid biosynthetic process","2/37","73/7601",0.0273972602739726,5.62828582006664,2.77890495996225,0.0488203679885577,0.256061849771311,0.218148928192372,"CCN1/TRIB3",2
"GO:0048754","branching morphogenesis of an epithelial tube","2/37","73/7601",0.0273972602739726,5.62828582006664,2.77890495996225,0.0488203679885577,0.256061849771311,0.218148928192372,"BMP4/TMEM59L",2
"GO:0031398","positive regulation of protein ubiquitination","2/37","74/7601",0.027027027027027,5.55222790357926,2.75207836664398,0.0500257036122201,0.256312297257058,0.218362294028138,"NDFIP1/TRIB3",2
"GO:0043393","regulation of protein binding","2/37","74/7601",0.027027027027027,5.55222790357926,2.75207836664398,0.0500257036122201,0.256312297257058,0.218362294028138,"BMP4/TRIB3",2
"GO:1901800","positive regulation of proteasomal protein catabolic process","2/37","74/7601",0.027027027027027,5.55222790357926,2.75207836664398,0.0500257036122201,0.256312297257058,0.218362294028138,"PABIR1/TRIB3",2
"GO:0030509","BMP signaling pathway","2/37","75/7601",0.0266666666666667,5.4781981981982,2.72573564564604,0.0512418691831845,0.256312297257058,0.218362294028138,"BMP4/CCN1",2
"GO:0002820","negative regulation of adaptive immune response","1/37","11/7601",0.0909090909090909,18.6756756756757,4.10282862589489,0.0522947685759289,0.256312297257058,0.218362294028138,"NDFIP1",1
"GO:0003128","heart field specification","1/37","11/7601",0.0909090909090909,18.6756756756757,4.10282862589489,0.0522947685759289,0.256312297257058,0.218362294028138,"BMP4",1
"GO:0003283","atrial septum development","1/37","11/7601",0.0909090909090909,18.6756756756757,4.10282862589489,0.0522947685759289,0.256312297257058,0.218362294028138,"CCN1",1
"GO:0006825","copper ion transport","1/37","11/7601",0.0909090909090909,18.6756756756757,4.10282862589489,0.0522947685759289,0.256312297257058,0.218362294028138,"SLC46A3",1
"GO:0010042","response to manganese ion","1/37","11/7601",0.0909090909090909,18.6756756756757,4.10282862589489,0.0522947685759289,0.256312297257058,0.218362294028138,"BACE1",1
"GO:0031281","positive regulation of cyclase activity","1/37","11/7601",0.0909090909090909,18.6756756756757,4.10282862589489,0.0522947685759289,0.256312297257058,0.218362294028138,"ORAI1",1
"GO:0033081","regulation of T cell differentiation in thymus","1/37","11/7601",0.0909090909090909,18.6756756756757,4.10282862589489,0.0522947685759289,0.256312297257058,0.218362294028138,"BMP4",1
"GO:0045606","positive regulation of epidermal cell differentiation","1/37","11/7601",0.0909090909090909,18.6756756756757,4.10282862589489,0.0522947685759289,0.256312297257058,0.218362294028138,"BMP4",1
"GO:0045717","negative regulation of fatty acid biosynthetic process","1/37","11/7601",0.0909090909090909,18.6756756756757,4.10282862589489,0.0522947685759289,0.256312297257058,0.218362294028138,"TRIB3",1
"GO:0060438","trachea development","1/37","11/7601",0.0909090909090909,18.6756756756757,4.10282862589489,0.0522947685759289,0.256312297257058,0.218362294028138,"BMP4",1
"GO:0060669","embryonic placenta morphogenesis","1/37","11/7601",0.0909090909090909,18.6756756756757,4.10282862589489,0.0522947685759289,0.256312297257058,0.218362294028138,"CCN1",1
"GO:0071280","cellular response to copper ion","1/37","11/7601",0.0909090909090909,18.6756756756757,4.10282862589489,0.0522947685759289,0.256312297257058,0.218362294028138,"BACE1",1
"GO:0022408","negative regulation of cell-cell adhesion","2/37","76/7601",0.0263157894736842,5.40611664295875,2.6998611657548,0.0524687371614134,0.256312297257058,0.218362294028138,"BMP4/NDFIP1",2
"GO:0050670","regulation of lymphocyte proliferation","2/37","79/7601",0.0253164556962025,5.2008210742388,2.62490121075624,0.0562122939801885,0.256312297257058,0.218362294028138,"BMP4/NDFIP1",2
"GO:0001759","organ induction","1/37","12/7601",0.0833333333333333,17.1193693693694,3.90821360104764,0.0569146755011845,0.256312297257058,0.218362294028138,"BMP4",1
"GO:0002089","lens morphogenesis in camera-type eye","1/37","12/7601",0.0833333333333333,17.1193693693694,3.90821360104764,0.0569146755011845,0.256312297257058,0.218362294028138,"BMP4",1
"GO:0003171","atrioventricular valve development","1/37","12/7601",0.0833333333333333,17.1193693693694,3.90821360104764,0.0569146755011845,0.256312297257058,0.218362294028138,"CCN1",1
"GO:0003177","pulmonary valve development","1/37","12/7601",0.0833333333333333,17.1193693693694,3.90821360104764,0.0569146755011845,0.256312297257058,0.218362294028138,"BMP4",1
"GO:0003181","atrioventricular valve morphogenesis","1/37","12/7601",0.0833333333333333,17.1193693693694,3.90821360104764,0.0569146755011845,0.256312297257058,0.218362294028138,"CCN1",1
"GO:0003323","type B pancreatic cell development","1/37","12/7601",0.0833333333333333,17.1193693693694,3.90821360104764,0.0569146755011845,0.256312297257058,0.218362294028138,"BMP4",1
"GO:0010714","positive regulation of collagen metabolic process","1/37","12/7601",0.0833333333333333,17.1193693693694,3.90821360104764,0.0569146755011845,0.256312297257058,0.218362294028138,"BMP4",1
"GO:0018345","protein palmitoylation","1/37","12/7601",0.0833333333333333,17.1193693693694,3.90821360104764,0.0569146755011845,0.256312297257058,0.218362294028138,"ZDHHC20",1
"GO:0030224","monocyte differentiation","1/37","12/7601",0.0833333333333333,17.1193693693694,3.90821360104764,0.0569146755011845,0.256312297257058,0.218362294028138,"BMP4",1
"GO:0032967","positive regulation of collagen biosynthetic process","1/37","12/7601",0.0833333333333333,17.1193693693694,3.90821360104764,0.0569146755011845,0.256312297257058,0.218362294028138,"BMP4",1
"GO:0035116","embryonic hindlimb morphogenesis","1/37","12/7601",0.0833333333333333,17.1193693693694,3.90821360104764,0.0569146755011845,0.256312297257058,0.218362294028138,"BMP4",1
"GO:0035988","chondrocyte proliferation","1/37","12/7601",0.0833333333333333,17.1193693693694,3.90821360104764,0.0569146755011845,0.256312297257058,0.218362294028138,"CCN2",1
"GO:0045684","positive regulation of epidermis development","1/37","12/7601",0.0833333333333333,17.1193693693694,3.90821360104764,0.0569146755011845,0.256312297257058,0.218362294028138,"BMP4",1
"GO:0045761","regulation of adenylate cyclase activity","1/37","12/7601",0.0833333333333333,17.1193693693694,3.90821360104764,0.0569146755011845,0.256312297257058,0.218362294028138,"ORAI1",1
"GO:0050982","detection of mechanical stimulus","1/37","12/7601",0.0833333333333333,17.1193693693694,3.90821360104764,0.0569146755011845,0.256312297257058,0.218362294028138,"BACE1",1
"GO:0051645","Golgi localization","1/37","12/7601",0.0833333333333333,17.1193693693694,3.90821360104764,0.0569146755011845,0.256312297257058,0.218362294028138,"UVRAG",1
"GO:0060191","regulation of lipase activity","1/37","12/7601",0.0833333333333333,17.1193693693694,3.90821360104764,0.0569146755011845,0.256312297257058,0.218362294028138,"APOH",1
"GO:0060512","prostate gland morphogenesis","1/37","12/7601",0.0833333333333333,17.1193693693694,3.90821360104764,0.0569146755011845,0.256312297257058,0.218362294028138,"BMP4",1
"GO:0060602","branch elongation of an epithelium","1/37","12/7601",0.0833333333333333,17.1193693693694,3.90821360104764,0.0569146755011845,0.256312297257058,0.218362294028138,"BMP4",1
"GO:0060716","labyrinthine layer blood vessel development","1/37","12/7601",0.0833333333333333,17.1193693693694,3.90821360104764,0.0569146755011845,0.256312297257058,0.218362294028138,"CCN1",1
"GO:0060740","prostate gland epithelium morphogenesis","1/37","12/7601",0.0833333333333333,17.1193693693694,3.90821360104764,0.0569146755011845,0.256312297257058,0.218362294028138,"BMP4",1
"GO:0099171","presynaptic modulation of chemical synaptic transmission","1/37","12/7601",0.0833333333333333,17.1193693693694,3.90821360104764,0.0569146755011845,0.256312297257058,0.218362294028138,"BACE1",1
"GO:2000725","regulation of cardiac muscle cell differentiation","1/37","12/7601",0.0833333333333333,17.1193693693694,3.90821360104764,0.0569146755011845,0.256312297257058,0.218362294028138,"BMP4",1
"GO:0071772","response to BMP","2/37","80/7601",0.025,5.13581081081081,2.60075691180902,0.0574807146026415,0.257088401613184,0.219023487148494,"BMP4/CCN1",2
"GO:0071773","cellular response to BMP stimulus","2/37","80/7601",0.025,5.13581081081081,2.60075691180902,0.0574807146026415,0.257088401613184,0.219023487148494,"BMP4/CCN1",2
"GO:0000165","MAPK cascade","4/37","303/7601",0.0132013201320132,2.71197930603871,2.12691333217532,0.0582656075261056,0.257485714806828,0.21936197352367,"BMP4/CCN1/CCN2/MFAP3",4
"GO:0032944","regulation of mononuclear cell proliferation","2/37","81/7601",0.0246913580246914,5.07240573907241,2.57701251722703,0.058759213695266,0.257485714806828,0.21936197352367,"BMP4/NDFIP1",2
"GO:0042098","T cell proliferation","2/37","82/7601",0.024390243902439,5.01054713249835,2.55365607580899,0.0600476691845809,0.257485714806828,0.21936197352367,"BMP4/NDFIP1",2
"GO:0003156","regulation of animal organ formation","1/37","13/7601",0.0769230769230769,15.8024948024948,3.7357244118228,0.0615126669370064,0.257485714806828,0.21936197352367,"BMP4",1
"GO:0008298","intracellular mRNA localization","1/37","13/7601",0.0769230769230769,15.8024948024948,3.7357244118228,0.0615126669370064,0.257485714806828,0.21936197352367,"MEX3D",1
"GO:0010288","response to lead ion","1/37","13/7601",0.0769230769230769,15.8024948024948,3.7357244118228,0.0615126669370064,0.257485714806828,0.21936197352367,"BACE1",1
"GO:0030194","positive regulation of blood coagulation","1/37","13/7601",0.0769230769230769,15.8024948024948,3.7357244118228,0.0615126669370064,0.257485714806828,0.21936197352367,"APOH",1
"GO:0030212","hyaluronan metabolic process","1/37","13/7601",0.0769230769230769,15.8024948024948,3.7357244118228,0.0615126669370064,0.257485714806828,0.21936197352367,"ITIH4",1
"GO:0031639","plasminogen activation","1/37","13/7601",0.0769230769230769,15.8024948024948,3.7357244118228,0.0615126669370064,0.257485714806828,0.21936197352367,"APOH",1
"GO:0032965","regulation of collagen biosynthetic process","1/37","13/7601",0.0769230769230769,15.8024948024948,3.7357244118228,0.0615126669370064,0.257485714806828,0.21936197352367,"BMP4",1
"GO:0035137","hindlimb morphogenesis","1/37","13/7601",0.0769230769230769,15.8024948024948,3.7357244118228,0.0615126669370064,0.257485714806828,0.21936197352367,"BMP4",1
"GO:0051443","positive regulation of ubiquitin-protein transferase activity","1/37","13/7601",0.0769230769230769,15.8024948024948,3.7357244118228,0.0615126669370064,0.257485714806828,0.21936197352367,"TRIB3",1
"GO:0060037","pharyngeal system development","1/37","13/7601",0.0769230769230769,15.8024948024948,3.7357244118228,0.0615126669370064,0.257485714806828,0.21936197352367,"BMP4",1
"GO:0060561","apoptotic process involved in morphogenesis","1/37","13/7601",0.0769230769230769,15.8024948024948,3.7357244118228,0.0615126669370064,0.257485714806828,0.21936197352367,"CCN1",1
"GO:0070242","thymocyte apoptotic process","1/37","13/7601",0.0769230769230769,15.8024948024948,3.7357244118228,0.0615126669370064,0.257485714806828,0.21936197352367,"BMP4",1
"GO:0071895","odontoblast differentiation","1/37","13/7601",0.0769230769230769,15.8024948024948,3.7357244118228,0.0615126669370064,0.257485714806828,0.21936197352367,"BMP4",1
"GO:1900048","positive regulation of hemostasis","1/37","13/7601",0.0769230769230769,15.8024948024948,3.7357244118228,0.0615126669370064,0.257485714806828,0.21936197352367,"APOH",1
"GO:1903798","regulation of miRNA processing","1/37","13/7601",0.0769230769230769,15.8024948024948,3.7357244118228,0.0615126669370064,0.257485714806828,0.21936197352367,"BMP4",1
"GO:1904706","negative regulation of vascular associated smooth muscle cell proliferation","1/37","13/7601",0.0769230769230769,15.8024948024948,3.7357244118228,0.0615126669370064,0.257485714806828,0.21936197352367,"BMP4",1
"GO:2000515","negative regulation of CD4-positive, alpha-beta T cell activation","1/37","13/7601",0.0769230769230769,15.8024948024948,3.7357244118228,0.0615126669370064,0.257485714806828,0.21936197352367,"NDFIP1",1
"GO:0001568","blood vessel development","4/37","311/7601",0.0128617363344051,2.64221778048145,2.06813592372293,0.0629571004089063,0.26269001001288,0.223795712568401,"APOH/BMP4/CCN1/CCN2",4
"GO:0031401","positive regulation of protein modification process","4/37","313/7601",0.012779552715655,2.62533459977549,2.05372677661545,0.064160909456068,0.265321394131082,0.226037489801365,"BMP4/CCN1/NDFIP1/TRIB3",4
"GO:0061138","morphogenesis of a branching epithelium","2/37","86/7601",0.0232558139534884,4.77749842866122,2.46388777997999,0.0652986447419883,0.265321394131082,0.226037489801365,"BMP4/TMEM59L",2
"GO:1901699","cellular response to nitrogen compound","4/37","315/7601",0.0126984126984127,2.60866580866581,2.03942821207967,0.0653770422624309,0.265321394131082,0.226037489801365,"APLP1/BACE1/CASTOR2/TRIB3",4
"GO:0003309","type B pancreatic cell differentiation","1/37","14/7601",0.0714285714285714,14.6737451737452,3.58136311099052,0.0660888439696014,0.265321394131082,0.226037489801365,"BMP4",1
"GO:0014912","negative regulation of smooth muscle cell migration","1/37","14/7601",0.0714285714285714,14.6737451737452,3.58136311099052,0.0660888439696014,0.265321394131082,0.226037489801365,"BMP4",1
"GO:0021532","neural tube patterning","1/37","14/7601",0.0714285714285714,14.6737451737452,3.58136311099052,0.0660888439696014,0.265321394131082,0.226037489801365,"BMP4",1
"GO:0033032","regulation of myeloid cell apoptotic process","1/37","14/7601",0.0714285714285714,14.6737451737452,3.58136311099052,0.0660888439696014,0.265321394131082,0.226037489801365,"APOH",1
"GO:0036092","phosphatidylinositol-3-phosphate biosynthetic process","1/37","14/7601",0.0714285714285714,14.6737451737452,3.58136311099052,0.0660888439696014,0.265321394131082,0.226037489801365,"UVRAG",1
"GO:0070920","regulation of regulatory ncRNA processing","1/37","14/7601",0.0714285714285714,14.6737451737452,3.58136311099052,0.0660888439696014,0.265321394131082,0.226037489801365,"BMP4",1
"GO:0090183","regulation of kidney development","1/37","14/7601",0.0714285714285714,14.6737451737452,3.58136311099052,0.0660888439696014,0.265321394131082,0.226037489801365,"BMP4",1
"GO:1900744","regulation of p38MAPK cascade","1/37","14/7601",0.0714285714285714,14.6737451737452,3.58136311099052,0.0660888439696014,0.265321394131082,0.226037489801365,"BMP4",1
"GO:1905207","regulation of cardiocyte differentiation","1/37","14/7601",0.0714285714285714,14.6737451737452,3.58136311099052,0.0660888439696014,0.265321394131082,0.226037489801365,"BMP4",1
"GO:0003205","cardiac chamber development","2/37","87/7601",0.0229885057471264,4.72258465361914,2.44230844780401,0.0666350821401185,0.265321394131082,0.226037489801365,"BMP4/CCN1",2
"GO:0070663","regulation of leukocyte proliferation","2/37","87/7601",0.0229885057471264,4.72258465361914,2.44230844780401,0.0666350821401185,0.265321394131082,0.226037489801365,"BMP4/NDFIP1",2
"GO:1903052","positive regulation of proteolysis involved in protein catabolic process","2/37","87/7601",0.0229885057471264,4.72258465361914,2.44230844780401,0.0666350821401185,0.265321394131082,0.226037489801365,"PABIR1/TRIB3",2
"GO:0002320","lymphoid progenitor cell differentiation","1/37","15/7601",0.0666666666666667,13.6954954954955,3.44207844876278,0.0706433072321723,0.266070625800538,0.226675789047448,"BMP4",1
"GO:0002707","negative regulation of lymphocyte mediated immunity","1/37","15/7601",0.0666666666666667,13.6954954954955,3.44207844876278,0.0706433072321723,0.266070625800538,0.226675789047448,"NDFIP1",1
"GO:0003148","outflow tract septum morphogenesis","1/37","15/7601",0.0666666666666667,13.6954954954955,3.44207844876278,0.0706433072321723,0.266070625800538,0.226675789047448,"BMP4",1
"GO:0003209","cardiac atrium morphogenesis","1/37","15/7601",0.0666666666666667,13.6954954954955,3.44207844876278,0.0706433072321723,0.266070625800538,0.226675789047448,"CCN1",1
"GO:0031128","developmental induction","1/37","15/7601",0.0666666666666667,13.6954954954955,3.44207844876278,0.0706433072321723,0.266070625800538,0.226675789047448,"BMP4",1
"GO:0031279","regulation of cyclase activity","1/37","15/7601",0.0666666666666667,13.6954954954955,3.44207844876278,0.0706433072321723,0.266070625800538,0.226675789047448,"ORAI1",1
"GO:0045601","regulation of endothelial cell differentiation","1/37","15/7601",0.0666666666666667,13.6954954954955,3.44207844876278,0.0706433072321723,0.266070625800538,0.226675789047448,"BMP4",1
"GO:0045922","negative regulation of fatty acid metabolic process","1/37","15/7601",0.0666666666666667,13.6954954954955,3.44207844876278,0.0706433072321723,0.266070625800538,0.226675789047448,"TRIB3",1
"GO:0046633","alpha-beta T cell proliferation","1/37","15/7601",0.0666666666666667,13.6954954954955,3.44207844876278,0.0706433072321723,0.266070625800538,0.226675789047448,"NDFIP1",1
"GO:0046640","regulation of alpha-beta T cell proliferation","1/37","15/7601",0.0666666666666667,13.6954954954955,3.44207844876278,0.0706433072321723,0.266070625800538,0.226675789047448,"NDFIP1",1
"GO:0046688","response to copper ion","1/37","15/7601",0.0666666666666667,13.6954954954955,3.44207844876278,0.0706433072321723,0.266070625800538,0.226675789047448,"BACE1",1
"GO:0050820","positive regulation of coagulation","1/37","15/7601",0.0666666666666667,13.6954954954955,3.44207844876278,0.0706433072321723,0.266070625800538,0.226675789047448,"APOH",1
"GO:0051155","positive regulation of striated muscle cell differentiation","1/37","15/7601",0.0666666666666667,13.6954954954955,3.44207844876278,0.0706433072321723,0.266070625800538,0.226675789047448,"BMP4",1
"GO:0070229","negative regulation of lymphocyte apoptotic process","1/37","15/7601",0.0666666666666667,13.6954954954955,3.44207844876278,0.0706433072321723,0.266070625800538,0.226675789047448,"BMP4",1
"GO:0070232","regulation of T cell apoptotic process","1/37","15/7601",0.0666666666666667,13.6954954954955,3.44207844876278,0.0706433072321723,0.266070625800538,0.226675789047448,"BMP4",1
"GO:0140448","signaling receptor ligand precursor processing","1/37","15/7601",0.0666666666666667,13.6954954954955,3.44207844876278,0.0706433072321723,0.266070625800538,0.226675789047448,"BACE1",1
"GO:0032434","regulation of proteasomal ubiquitin-dependent protein catabolic process","2/37","90/7601",0.0222222222222222,4.56516516516517,2.37949023156797,0.0706993864019822,0.266070625800538,0.226675789047448,"PABIR1/TRIB3",2
"GO:0001503","ossification","3/37","198/7601",0.0151515151515152,3.11261261261261,2.10659227268846,0.0708681877393937,0.266070625800538,0.226675789047448,"BMP4/CCN1/CCN2",3
"GO:0030162","regulation of proteolysis","4/37","324/7601",0.0123456790123457,2.5362028695362,1.97640884011787,0.0710013653633024,0.266070625800538,0.226675789047448,"ITIH4/LXN/PABIR1/TRIB3",4
"GO:0043085","positive regulation of catalytic activity","4/37","325/7601",0.0123076923076923,2.52839916839917,1.96953646558813,0.0716415368898414,0.266070625800538,0.226675789047448,"APOH/CCN1/ORAI1/TRIB3",4
"GO:0051346","negative regulation of hydrolase activity","2/37","91/7601",0.021978021978022,4.51499851499852,2.35916204011107,0.0720721015462014,0.266070625800538,0.226675789047448,"ITIH4/LXN",2
"GO:0001763","morphogenesis of a branching structure","2/37","92/7601",0.0217391304347826,4.46592244418331,2.33912591248972,0.0734536005238261,0.266070625800538,0.226675789047448,"BMP4/TMEM59L",2
"GO:0002573","myeloid leukocyte differentiation","2/37","92/7601",0.0217391304347826,4.46592244418331,2.33912591248972,0.0734536005238261,0.266070625800538,0.226675789047448,"BMP4/NDFIP1",2
"GO:0045619","regulation of lymphocyte differentiation","2/37","92/7601",0.0217391304347826,4.46592244418331,2.33912591248972,0.0734536005238261,0.266070625800538,0.226675789047448,"BMP4/NDFIP1",2
"GO:0001944","vasculature development","4/37","328/7601",0.0121951219512195,2.50527356624918,1.94907010958982,0.0735802362500049,0.266070625800538,0.226675789047448,"APOH/BMP4/CCN1/CCN2",4
"GO:0045859","regulation of protein kinase activity","3/37","202/7601",0.0148514851485149,3.05097671929355,2.06624492483248,0.0742966633504109,0.266070625800538,0.226675789047448,"CCN1/TRIB3/UVRAG",3
"GO:0048705","skeletal system morphogenesis","2/37","93/7601",0.021505376344086,4.41790177274048,2.31937417781513,0.074843770779602,0.266070625800538,0.226675789047448,"BMP4/CCN2",2
"GO:0001937","negative regulation of endothelial cell proliferation","1/37","16/7601",0.0625,12.839527027027,3.31549555586785,0.0751761569068903,0.266070625800538,0.226675789047448,"APOH",1
"GO:0001958","endochondral ossification","1/37","16/7601",0.0625,12.839527027027,3.31549555586785,0.0751761569068903,0.266070625800538,0.226675789047448,"BMP4",1
"GO:0003180","aortic valve morphogenesis","1/37","16/7601",0.0625,12.839527027027,3.31549555586785,0.0751761569068903,0.266070625800538,0.226675789047448,"BMP4",1
"GO:0003401","axis elongation","1/37","16/7601",0.0625,12.839527027027,3.31549555586785,0.0751761569068903,0.266070625800538,0.226675789047448,"BMP4",1
"GO:0010464","regulation of mesenchymal cell proliferation","1/37","16/7601",0.0625,12.839527027027,3.31549555586785,0.0751761569068903,0.266070625800538,0.226675789047448,"BMP4",1
"GO:0010712","regulation of collagen metabolic process","1/37","16/7601",0.0625,12.839527027027,3.31549555586785,0.0751761569068903,0.266070625800538,0.226675789047448,"BMP4",1
"GO:0033688","regulation of osteoblast proliferation","1/37","16/7601",0.0625,12.839527027027,3.31549555586785,0.0751761569068903,0.266070625800538,0.226675789047448,"CCN1",1
"GO:0035883","enteroendocrine cell differentiation","1/37","16/7601",0.0625,12.839527027027,3.31549555586785,0.0751761569068903,0.266070625800538,0.226675789047448,"BMP4",1
"GO:0036075","replacement ossification","1/37","16/7601",0.0625,12.839527027027,3.31549555586785,0.0751761569068903,0.266070625800538,0.226675789047448,"BMP4",1
"GO:0046636","negative regulation of alpha-beta T cell activation","1/37","16/7601",0.0625,12.839527027027,3.31549555586785,0.0751761569068903,0.266070625800538,0.226675789047448,"NDFIP1",1
"GO:0051339","regulation of lyase activity","1/37","16/7601",0.0625,12.839527027027,3.31549555586785,0.0751761569068903,0.266070625800538,0.226675789047448,"ORAI1",1
"GO:0060795","cell fate commitment involved in formation of primary germ layer","1/37","16/7601",0.0625,12.839527027027,3.31549555586785,0.0751761569068903,0.266070625800538,0.226675789047448,"BMP4",1
"GO:1902894","negative regulation of miRNA transcription","1/37","16/7601",0.0625,12.839527027027,3.31549555586785,0.0751761569068903,0.266070625800538,0.226675789047448,"BMP4",1
"GO:1905332","positive regulation of morphogenesis of an epithelium","1/37","16/7601",0.0625,12.839527027027,3.31549555586785,0.0751761569068903,0.266070625800538,0.226675789047448,"BMP4",1
"GO:1903322","positive regulation of protein modification by small protein conjugation or removal","2/37","94/7601",0.0212765957446809,4.37090281771133,2.29989944826826,0.0762425005922821,0.269115421009515,0.229269767072666,"NDFIP1/TRIB3",2
"GO:1901875","positive regulation of post-translational protein modification","2/37","95/7601",0.0210526315789474,4.324893314367,2.28069460574346,0.0776496790695349,0.273154502628016,0.232710815892491,"NDFIP1/TRIB3",2
"GO:0051302","regulation of cell division","2/37","96/7601",0.0208333333333333,4.27984234234234,2.26175278925596,0.0790651961428802,0.273154502628016,0.232710815892491,"ENTR1/UVRAG",2
"GO:0001709","cell fate determination","1/37","17/7601",0.0588235294117647,12.0842607313196,3.19973439427027,0.0796874927268562,0.273154502628016,0.232710815892491,"BMP4",1
"GO:0002068","glandular epithelial cell development","1/37","17/7601",0.0588235294117647,12.0842607313196,3.19973439427027,0.0796874927268562,0.273154502628016,0.232710815892491,"BMP4",1
"GO:0030195","negative regulation of blood coagulation","1/37","17/7601",0.0588235294117647,12.0842607313196,3.19973439427027,0.0796874927268562,0.273154502628016,0.232710815892491,"APOH",1
"GO:0034391","regulation of smooth muscle cell apoptotic process","1/37","17/7601",0.0588235294117647,12.0842607313196,3.19973439427027,0.0796874927268562,0.273154502628016,0.232710815892491,"APOH",1
"GO:0035493","SNARE complex assembly","1/37","17/7601",0.0588235294117647,12.0842607313196,3.19973439427027,0.0796874927268562,0.273154502628016,0.232710815892491,"UVRAG",1
"GO:0060441","epithelial tube branching involved in lung morphogenesis","1/37","17/7601",0.0588235294117647,12.0842607313196,3.19973439427027,0.0796874927268562,0.273154502628016,0.232710815892491,"BMP4",1
"GO:0060674","placenta blood vessel development","1/37","17/7601",0.0588235294117647,12.0842607313196,3.19973439427027,0.0796874927268562,0.273154502628016,0.232710815892491,"CCN1",1
"GO:0110110","positive regulation of animal organ morphogenesis","1/37","17/7601",0.0588235294117647,12.0842607313196,3.19973439427027,0.0796874927268562,0.273154502628016,0.232710815892491,"BMP4",1
"GO:1900047","negative regulation of hemostasis","1/37","17/7601",0.0588235294117647,12.0842607313196,3.19973439427027,0.0796874927268562,0.273154502628016,0.232710815892491,"APOH",1
"GO:0072593","reactive oxygen species metabolic process","2/37","97/7601",0.0206185567010309,4.23572025633881,2.24306738306235,0.0804889425626529,0.275179473787499,0.23443596662641,"CCN1/CCN2",2
"GO:0009952","anterior/posterior pattern specification","2/37","99/7601",0.0202020202020202,4.15015015015015,2.20644049812765,0.0833606905068688,0.277615410745815,0.236511234914424,"BMP4/HOXA6",2
"GO:0051223","regulation of protein transport","3/37","213/7601",0.0140845070422535,2.89341454130187,1.96021615719183,0.0841033175962096,0.277615410745815,0.236511234914424,"BMP4/NDFIP1/ORAI1",3
"GO:0003161","cardiac conduction system development","1/37","18/7601",0.0555555555555556,11.4129129129129,3.0932844536281,0.0841774139780571,0.277615410745815,0.236511234914424,"BMP4",1
"GO:0003230","cardiac atrium development","1/37","18/7601",0.0555555555555556,11.4129129129129,3.0932844536281,0.0841774139780571,0.277615410745815,0.236511234914424,"CCN1",1
"GO:0021983","pituitary gland development","1/37","18/7601",0.0555555555555556,11.4129129129129,3.0932844536281,0.0841774139780571,0.277615410745815,0.236511234914424,"BMP4",1
"GO:0031053","primary miRNA processing","1/37","18/7601",0.0555555555555556,11.4129129129129,3.0932844536281,0.0841774139780571,0.277615410745815,0.236511234914424,"BMP4",1
"GO:0034390","smooth muscle cell apoptotic process","1/37","18/7601",0.0555555555555556,11.4129129129129,3.0932844536281,0.0841774139780571,0.277615410745815,0.236511234914424,"APOH",1
"GO:0044794","positive regulation by host of viral process","1/37","18/7601",0.0555555555555556,11.4129129129129,3.0932844536281,0.0841774139780571,0.277615410745815,0.236511234914424,"ZDHHC20",1
"GO:0045581","negative regulation of T cell differentiation","1/37","18/7601",0.0555555555555556,11.4129129129129,3.0932844536281,0.0841774139780571,0.277615410745815,0.236511234914424,"BMP4",1
"GO:0048333","mesodermal cell differentiation","1/37","18/7601",0.0555555555555556,11.4129129129129,3.0932844536281,0.0841774139780571,0.277615410745815,0.236511234914424,"BMP4",1
"GO:0050819","negative regulation of coagulation","1/37","18/7601",0.0555555555555556,11.4129129129129,3.0932844536281,0.0841774139780571,0.277615410745815,0.236511234914424,"APOH",1
"GO:0060391","positive regulation of SMAD protein signal transduction","1/37","18/7601",0.0555555555555556,11.4129129129129,3.0932844536281,0.0841774139780571,0.277615410745815,0.236511234914424,"BMP4",1
"GO:2000107","negative regulation of leukocyte apoptotic process","1/37","18/7601",0.0555555555555556,11.4129129129129,3.0932844536281,0.0841774139780571,0.277615410745815,0.236511234914424,"BMP4",1
"GO:2000629","negative regulation of miRNA metabolic process","1/37","18/7601",0.0555555555555556,11.4129129129129,3.0932844536281,0.0841774139780571,0.277615410745815,0.236511234914424,"BMP4",1
"GO:0035295","tube development","5/37","486/7601",0.0102880658436214,2.11350239128017,1.77440901200953,0.0844306062005353,0.277749047097983,0.236625084857393,"APOH/BMP4/CCN1/CCN2/TMEM59L",5
"GO:0001932","regulation of protein phosphorylation","4/37","345/7601",0.0115942028985507,2.38182530356443,1.8371556370329,0.0850755919674593,0.279167646003774,0.237833643770443,"BMP4/CCN1/TRIB3/UVRAG",4
"GO:0030324","lung development","2/37","101/7601",0.0198019801980198,4.06796895905807,2.17076551891325,0.0862640650915081,0.279261036706919,0.237913206898697,"BMP4/CCN2",2
"GO:0044092","negative regulation of molecular function","4/37","347/7601",0.0115273775216138,2.36809720383207,1.82441996064262,0.0864841704005729,0.279261036706919,0.237913206898697,"ITIH4/LXN/NDFIP1/TRIB3",4
"GO:0043086","negative regulation of catalytic activity","3/37","216/7601",0.0138888888888889,2.85322822822823,1.9324685315202,0.0868717268708029,0.279261036706919,0.237913206898697,"ITIH4/LXN/TRIB3",3
"GO:0002704","negative regulation of leukocyte mediated immunity","1/37","19/7601",0.0526315789473684,10.8122332859175,2.99491618979331,0.0886460195013086,0.279261036706919,0.237913206898697,"NDFIP1",1
"GO:0010463","mesenchymal cell proliferation","1/37","19/7601",0.0526315789473684,10.8122332859175,2.99491618979331,0.0886460195013086,0.279261036706919,0.237913206898697,"BMP4",1
"GO:0032801","receptor catabolic process","1/37","19/7601",0.0526315789473684,10.8122332859175,2.99491618979331,0.0886460195013086,0.279261036706919,0.237913206898697,"UVRAG",1
"GO:0032964","collagen biosynthetic process","1/37","19/7601",0.0526315789473684,10.8122332859175,2.99491618979331,0.0886460195013086,0.279261036706919,0.237913206898697,"BMP4",1
"GO:0034250","positive regulation of amide metabolic process","1/37","19/7601",0.0526315789473684,10.8122332859175,2.99491618979331,0.0886460195013086,0.279261036706919,0.237913206898697,"CCN1",1
"GO:0042491","inner ear auditory receptor cell differentiation","1/37","19/7601",0.0526315789473684,10.8122332859175,2.99491618979331,0.0886460195013086,0.279261036706919,0.237913206898697,"BMP4",1
"GO:0045191","regulation of isotype switching","1/37","19/7601",0.0526315789473684,10.8122332859175,2.99491618979331,0.0886460195013086,0.279261036706919,0.237913206898697,"NDFIP1",1
"GO:0045620","negative regulation of lymphocyte differentiation","1/37","19/7601",0.0526315789473684,10.8122332859175,2.99491618979331,0.0886460195013086,0.279261036706919,0.237913206898697,"BMP4",1
"GO:0045724","positive regulation of cilium assembly","1/37","19/7601",0.0526315789473684,10.8122332859175,2.99491618979331,0.0886460195013086,0.279261036706919,0.237913206898697,"ENTR1",1
"GO:0048701","embryonic cranial skeleton morphogenesis","1/37","19/7601",0.0526315789473684,10.8122332859175,2.99491618979331,0.0886460195013086,0.279261036706919,0.237913206898697,"BMP4",1
"GO:0060914","heart formation","1/37","19/7601",0.0526315789473684,10.8122332859175,2.99491618979331,0.0886460195013086,0.279261036706919,0.237913206898697,"BMP4",1
"GO:1902742","apoptotic process involved in development","1/37","19/7601",0.0526315789473684,10.8122332859175,2.99491618979331,0.0886460195013086,0.279261036706919,0.237913206898697,"CCN1",1
"GO:1904752","regulation of vascular associated smooth muscle cell migration","1/37","19/7601",0.0526315789473684,10.8122332859175,2.99491618979331,0.0886460195013086,0.279261036706919,0.237913206898697,"BMP4",1
"GO:0043549","regulation of kinase activity","3/37","218/7601",0.0137614678899083,2.82705182246467,1.91423201992463,0.0887391502552615,0.279261036706919,0.237913206898697,"CCN1/TRIB3/UVRAG",3
"GO:0044093","positive regulation of molecular function","5/37","495/7601",0.0101010101010101,2.07507507507508,1.73005810384674,0.0897202566829101,0.28166984429779,0.239965362636225,"APOH/BMP4/CCN1/ORAI1/TRIB3",5
"GO:0030323","respiratory tube development","2/37","104/7601",0.0192307692307692,3.9506237006237,2.11893989975749,0.0906765818788111,0.283989486651624,0.241941555082427,"BMP4/CCN2",2
"GO:0009894","regulation of catabolic process","6/37","650/7601",0.00923076923076923,1.89629937629938,1.67115997812039,0.0915485767323616,0.284450911314851,0.242334660481823,"ATP6V0D2/MEX3D/NDFIP1/PABIR1/TRIB3/UVRAG",6
"GO:0001755","neural crest cell migration","1/37","20/7601",0.05,10.2716216216216,2.90361711207765,0.0930934076941932,0.284450911314851,0.242334660481823,"BMP4",1
"GO:0003176","aortic valve development","1/37","20/7601",0.05,10.2716216216216,2.90361711207765,0.0930934076941932,0.284450911314851,0.242334660481823,"BMP4",1
"GO:0010092","specification of animal organ identity","1/37","20/7601",0.05,10.2716216216216,2.90361711207765,0.0930934076941932,0.284450911314851,0.242334660481823,"BMP4",1
"GO:0033028","myeloid cell apoptotic process","1/37","20/7601",0.05,10.2716216216216,2.90361711207765,0.0930934076941932,0.284450911314851,0.242334660481823,"APOH",1
"GO:0033687","osteoblast proliferation","1/37","20/7601",0.05,10.2716216216216,2.90361711207765,0.0930934076941932,0.284450911314851,0.242334660481823,"CCN1",1
"GO:0042304","regulation of fatty acid biosynthetic process","1/37","20/7601",0.05,10.2716216216216,2.90361711207765,0.0930934076941932,0.284450911314851,0.242334660481823,"TRIB3",1
"GO:0050918","positive chemotaxis","1/37","20/7601",0.05,10.2716216216216,2.90361711207765,0.0930934076941932,0.284450911314851,0.242334660481823,"BMP4",1
"GO:0070509","calcium ion import","1/37","20/7601",0.05,10.2716216216216,2.90361711207765,0.0930934076941932,0.284450911314851,0.242334660481823,"ORAI1",1
"GO:1904738","vascular associated smooth muscle cell migration","1/37","20/7601",0.05,10.2716216216216,2.90361711207765,0.0930934076941932,0.284450911314851,0.242334660481823,"BMP4",1
"GO:0030198","extracellular matrix organization","2/37","106/7601",0.0188679245283019,3.87608363080061,2.0854535564295,0.0936553536488406,0.284450911314851,0.242334660481823,"APLP1/CCN1",2
"GO:0043062","extracellular structure organization","2/37","106/7601",0.0188679245283019,3.87608363080061,2.0854535564295,0.0936553536488406,0.284450911314851,0.242334660481823,"APLP1/CCN1",2
"GO:0045229","external encapsulating structure organization","2/37","106/7601",0.0188679245283019,3.87608363080061,2.0854535564295,0.0936553536488406,0.284450911314851,0.242334660481823,"APLP1/CCN1",2
"GO:0007369","gastrulation","2/37","107/7601",0.0186915887850467,3.83985855013892,2.06901505824613,0.0951555613942568,0.287669359215045,0.245076579906748,"BMP4/LMBRD1",2
"GO:0046651","lymphocyte proliferation","2/37","107/7601",0.0186915887850467,3.83985855013892,2.06901505824613,0.0951555613942568,0.287669359215045,0.245076579906748,"BMP4/NDFIP1",2
"GO:0002526","acute inflammatory response","1/37","21/7601",0.0476190476190476,9.78249678249678,2.81854479866049,0.0975196765129916,0.288799767632578,0.246039618270037,"ITIH4",1
"GO:0007200","phospholipase C-activating G protein-coupled receptor signaling pathway","1/37","21/7601",0.0476190476190476,9.78249678249678,2.81854479866049,0.0975196765129916,0.288799767632578,0.246039618270037,"ORAI1",1
"GO:0009948","anterior/posterior axis specification","1/37","21/7601",0.0476190476190476,9.78249678249678,2.81854479866049,0.0975196765129916,0.288799767632578,0.246039618270037,"BMP4",1
"GO:0016188","synaptic vesicle maturation","1/37","21/7601",0.0476190476190476,9.78249678249678,2.81854479866049,0.0975196765129916,0.288799767632578,0.246039618270037,"ZDHHC20",1
"GO:0030858","positive regulation of epithelial cell differentiation","1/37","21/7601",0.0476190476190476,9.78249678249678,2.81854479866049,0.0975196765129916,0.288799767632578,0.246039618270037,"BMP4",1
"GO:0031018","endocrine pancreas development","1/37","21/7601",0.0476190476190476,9.78249678249678,2.81854479866049,0.0975196765129916,0.288799767632578,0.246039618270037,"BMP4",1
"GO:0051150","regulation of smooth muscle cell differentiation","1/37","21/7601",0.0476190476190476,9.78249678249678,2.81854479866049,0.0975196765129916,0.288799767632578,0.246039618270037,"BMP4",1
"GO:1904646","cellular response to amyloid-beta","1/37","21/7601",0.0476190476190476,9.78249678249678,2.81854479866049,0.0975196765129916,0.288799767632578,0.246039618270037,"BACE1",1
"GO:1905314","semi-lunar valve development","1/37","21/7601",0.0476190476190476,9.78249678249678,2.81854479866049,0.0975196765129916,0.288799767632578,0.246039618270037,"BMP4",1
"GO:0045595","regulation of cell differentiation","6/37","664/7601",0.00903614457831325,1.85631716053403,1.61534293985916,0.0990630486239963,0.292706654984025,0.249368045714608,"BMP4/CCN1/CCN2/NDFIP1/PLEKHB2/TRIB3",6
"GO:0032943","mononuclear cell proliferation","2/37","111/7601",0.018018018018018,3.70148526905284,2.00518793268979,0.101226200369352,0.293202533167033,0.249790503391274,"BMP4/NDFIP1",2
"GO:0098876","vesicle-mediated transport to the plasma membrane","2/37","111/7601",0.018018018018018,3.70148526905284,2.00518793268979,0.101226200369352,0.293202533167033,0.249790503391274,"ENTR1/PHAF1",2
"GO:0010656","negative regulation of muscle cell apoptotic process","1/37","22/7601",0.0454545454545455,9.33783783783784,2.73899178236475,0.101924923474604,0.293202533167033,0.249790503391274,"APOH",1
"GO:0018198","peptidyl-cysteine modification","1/37","22/7601",0.0454545454545455,9.33783783783784,2.73899178236475,0.101924923474604,0.293202533167033,0.249790503391274,"ZDHHC20",1
"GO:0033173","calcineurin-NFAT signaling cascade","1/37","22/7601",0.0454545454545455,9.33783783783784,2.73899178236475,0.101924923474604,0.293202533167033,0.249790503391274,"ORAI1",1
"GO:0060688","regulation of morphogenesis of a branching structure","1/37","22/7601",0.0454545454545455,9.33783783783784,2.73899178236475,0.101924923474604,0.293202533167033,0.249790503391274,"BMP4",1
"GO:0060964","regulation of miRNA-mediated gene silencing","1/37","22/7601",0.0454545454545455,9.33783783783784,2.73899178236475,0.101924923474604,0.293202533167033,0.249790503391274,"BMP4",1
"GO:0071868","cellular response to monoamine stimulus","1/37","22/7601",0.0454545454545455,9.33783783783784,2.73899178236475,0.101924923474604,0.293202533167033,0.249790503391274,"APLP1",1
"GO:0071870","cellular response to catecholamine stimulus","1/37","22/7601",0.0454545454545455,9.33783783783784,2.73899178236475,0.101924923474604,0.293202533167033,0.249790503391274,"APLP1",1
"GO:0090497","mesenchymal cell migration","1/37","22/7601",0.0454545454545455,9.33783783783784,2.73899178236475,0.101924923474604,0.293202533167033,0.249790503391274,"BMP4",1
"GO:0097720","calcineurin-mediated signaling","1/37","22/7601",0.0454545454545455,9.33783783783784,2.73899178236475,0.101924923474604,0.293202533167033,0.249790503391274,"ORAI1",1
"GO:1904645","response to amyloid-beta","1/37","22/7601",0.0454545454545455,9.33783783783784,2.73899178236475,0.101924923474604,0.293202533167033,0.249790503391274,"BACE1",1
"GO:0002009","morphogenesis of an epithelium","3/37","232/7601",0.0129310344827586,2.65645386766076,1.79205344460376,0.102285112476071,0.293530390760988,0.250069817872463,"BMP4/CCN1/TMEM59L",3
"GO:0060541","respiratory system development","2/37","112/7601",0.0178571428571429,3.66843629343629,1.98969190481956,0.102760818724755,0.293530390760988,0.250069817872463,"BMP4/CCN2",2
"GO:0007162","negative regulation of cell adhesion","2/37","114/7601",0.0175438596491228,3.6040777619725,1.95922519039045,0.105849725479221,0.293530390760988,0.250069817872463,"BMP4/NDFIP1",2
"GO:0016485","protein processing","2/37","114/7601",0.0175438596491228,3.6040777619725,1.95922519039045,0.105849725479221,0.293530390760988,0.250069817872463,"APOH/BACE1",2
"GO:0042110","T cell activation","3/37","236/7601",0.0127118644067797,2.61142922583601,1.75878502815296,0.106302645176579,0.293530390760988,0.250069817872463,"BMP4/MFAP3/NDFIP1",3
"GO:0003197","endocardial cushion development","1/37","23/7601",0.0434782608695652,8.93184488836663,2.66435891655236,0.106309245658459,0.293530390760988,0.250069817872463,"BMP4",1
"GO:0016202","regulation of striated muscle tissue development","1/37","23/7601",0.0434782608695652,8.93184488836663,2.66435891655236,0.106309245658459,0.293530390760988,0.250069817872463,"BMP4",1
"GO:0030850","prostate gland development","1/37","23/7601",0.0434782608695652,8.93184488836663,2.66435891655236,0.106309245658459,0.293530390760988,0.250069817872463,"BMP4",1
"GO:0035315","hair cell differentiation","1/37","23/7601",0.0434782608695652,8.93184488836663,2.66435891655236,0.106309245658459,0.293530390760988,0.250069817872463,"BMP4",1
"GO:0038066","p38MAPK cascade","1/37","23/7601",0.0434782608695652,8.93184488836663,2.66435891655236,0.106309245658459,0.293530390760988,0.250069817872463,"BMP4",1
"GO:0048662","negative regulation of smooth muscle cell proliferation","1/37","23/7601",0.0434782608695652,8.93184488836663,2.66435891655236,0.106309245658459,0.293530390760988,0.250069817872463,"BMP4",1
"GO:0051055","negative regulation of lipid biosynthetic process","1/37","23/7601",0.0434782608695652,8.93184488836663,2.66435891655236,0.106309245658459,0.293530390760988,0.250069817872463,"TRIB3",1
"GO:0060412","ventricular septum morphogenesis","1/37","23/7601",0.0434782608695652,8.93184488836663,2.66435891655236,0.106309245658459,0.293530390760988,0.250069817872463,"BMP4",1
"GO:0060711","labyrinthine layer development","1/37","23/7601",0.0434782608695652,8.93184488836663,2.66435891655236,0.106309245658459,0.293530390760988,0.250069817872463,"CCN1",1
"GO:0070228","regulation of lymphocyte apoptotic process","1/37","23/7601",0.0434782608695652,8.93184488836663,2.66435891655236,0.106309245658459,0.293530390760988,0.250069817872463,"BMP4",1
"GO:0071867","response to monoamine","1/37","23/7601",0.0434782608695652,8.93184488836663,2.66435891655236,0.106309245658459,0.293530390760988,0.250069817872463,"APLP1",1
"GO:0071869","response to catecholamine","1/37","23/7601",0.0434782608695652,8.93184488836663,2.66435891655236,0.106309245658459,0.293530390760988,0.250069817872463,"APLP1",1
"GO:1900368","regulation of post-transcriptional gene silencing by regulatory ncRNA","1/37","23/7601",0.0434782608695652,8.93184488836663,2.66435891655236,0.106309245658459,0.293530390760988,0.250069817872463,"BMP4",1
"GO:1905330","regulation of morphogenesis of an epithelium","1/37","23/7601",0.0434782608695652,8.93184488836663,2.66435891655236,0.106309245658459,0.293530390760988,0.250069817872463,"BMP4",1
"GO:0042325","regulation of phosphorylation","4/37","374/7601",0.0106951871657754,2.19713831478537,1.66047752844069,0.10661990965456,0.293767092845686,0.250271473472951,"BMP4/CCN1/TRIB3/UVRAG",4
"GO:2000058","regulation of ubiquitin-dependent protein catabolic process","2/37","115/7601",0.0173913043478261,3.57273795534665,1.94424710311584,0.107403822462516,0.295303983444306,0.251580809624108,"PABIR1/TRIB3",2
"GO:0010506","regulation of autophagy","3/37","240/7601",0.0125,2.56790540540541,1.72619147489139,0.110383078015957,0.29618565176066,0.252331936738146,"ATP6V0D2/TRIB3/UVRAG",3
"GO:0003007","heart morphogenesis","2/37","117/7601",0.0170940170940171,3.51166551166551,1.91478378801537,0.110530830570103,0.29618565176066,0.252331936738146,"BMP4/CCN1",2
"GO:0051093","negative regulation of developmental process","4/37","379/7601",0.0105540897097625,2.16815232118662,1.63163208672376,0.110571102477275,0.29618565176066,0.252331936738146,"APOH/BMP4/NDFIP1/TRIB3",4
"GO:0002712","regulation of B cell mediated immunity","1/37","24/7601",0.0416666666666667,8.55968468468468,2.59413490144467,0.110672739708424,0.29618565176066,0.252331936738146,"NDFIP1",1
"GO:0002889","regulation of immunoglobulin mediated immune response","1/37","24/7601",0.0416666666666667,8.55968468468468,2.59413490144467,0.110672739708424,0.29618565176066,0.252331936738146,"NDFIP1",1
"GO:0032410","negative regulation of transporter activity","1/37","24/7601",0.0416666666666667,8.55968468468468,2.59413490144467,0.110672739708424,0.29618565176066,0.252331936738146,"NDFIP1",1
"GO:0034067","protein localization to Golgi apparatus","1/37","24/7601",0.0416666666666667,8.55968468468468,2.59413490144467,0.110672739708424,0.29618565176066,0.252331936738146,"ARL5B",1
"GO:0045604","regulation of epidermal cell differentiation","1/37","24/7601",0.0416666666666667,8.55968468468468,2.59413490144467,0.110672739708424,0.29618565176066,0.252331936738146,"BMP4",1
"GO:0045744","negative regulation of G protein-coupled receptor signaling pathway","1/37","24/7601",0.0416666666666667,8.55968468468468,2.59413490144467,0.110672739708424,0.29618565176066,0.252331936738146,"APLP1",1
"GO:0048634","regulation of muscle organ development","1/37","24/7601",0.0416666666666667,8.55968468468468,2.59413490144467,0.110672739708424,0.29618565176066,0.252331936738146,"BMP4",1
"GO:0060147","regulation of post-transcriptional gene silencing","1/37","24/7601",0.0416666666666667,8.55968468468468,2.59413490144467,0.110672739708424,0.29618565176066,0.252331936738146,"BMP4",1
"GO:1901861","regulation of muscle tissue development","1/37","24/7601",0.0416666666666667,8.55968468468468,2.59413490144467,0.110672739708424,0.29618565176066,0.252331936738146,"BMP4",1
"GO:1990000","amyloid fibril formation","1/37","24/7601",0.0416666666666667,8.55968468468468,2.59413490144467,0.110672739708424,0.29618565176066,0.252331936738146,"BACE1",1
"GO:0042176","regulation of protein catabolic process","3/37","241/7601",0.012448132780083,2.55725019625435,1.71814537140483,0.111412848569699,0.297556605791466,0.253499905151591,"NDFIP1/PABIR1/TRIB3",3
